Workbook

Sheet Master Score
A1: Date | B1: Group | C1: Home | D1: Away | E1: Score | G1: Result | H1: Goals | I1: Group | J1: A | K1: B | L1: C | M1: D | N1: E | O1: F | P1: G | Q1: H | R1: I | S1: J | T1: K | U1: L
A2: 46184 | B2: A | C2: Mexico | D2: South Africa | E2: 2 | F2: 0 | G2: =IF(OR(E2="",F2=""),"",IF(E2>F2,1,IF(F2>E2,2,"X"))) -> 1 | H2: =SUM(E2:F2) -> 2 | I2: 1st | J2: {=INDEX(_xlfn.SORTBY(_xlfn._xlws.FILTER($C$78:$E$125,$B$78:$B$125="A"),_xlfn._xlws.FILTER($D$78:$D$125,$B$78:$B$125="A"),-1,_xlfn._xlws.FILTER($E$78:$E$125,$B$78:$B$125="A"),-1),1,1)} -> Mexico | K2: {=INDEX(_xlfn.SORTBY(_xlfn._xlws.FILTER($C$78:$E$125,$B$78:$B$125="B"),_xlfn._xlws.FILTER($D$78:$D$125,$B$78:$B$125="B"),-1,_xlfn._xlws.FILTER($E$78:$E$125,$B$78:$B$125="B"),-1),1,1)} -> Bosnia and Herzegovina | L2: {=INDEX(_xlfn.SORTBY(_xlfn._xlws.FILTER($C$78:$E$125,$B$78:$B$125="C"),_xlfn._xlws.FILTER($D$78:$D$125,$B$78:$B$125="C"),-1,_xlfn._xlws.FILTER($E$78:$E$125,$B$78:$B$125="C"),-1),1,1)} -> Brazil | M2: {=INDEX(_xlfn.SORTBY(_xlfn._xlws.FILTER($C$78:$E$125,$B$78:$B$125="D"),_xlfn._xlws.FILTER($D$78:$D$125,$B$78:$B$125="D"),-1,_xlfn._xlws.FILTER($E$78:$E$125,$B$78:$B$125="D"),-1),1,1)} -> Australia | N2: {=INDEX(_xlfn.SORTBY(_xlfn._xlws.FILTER($C$78:$E$125,$B$78:$B$125="E"),_xlfn._xlws.FILTER($D$78:$D$125,$B$78:$B$125="E"),-1,_xlfn._xlws.FILTER($E$78:$E$125,$B$78:$B$125="E"),-1),1,1)} -> Curaçao | O2: {=INDEX(_xlfn.SORTBY(_xlfn._xlws.FILTER($C$78:$E$125,$B$78:$B$125="F"),_xlfn._xlws.FILTER($D$78:$D$125,$B$78:$B$125="F"),-1,_xlfn._xlws.FILTER($E$78:$E$125,$B$78:$B$125="F"),-1),1,1)} -> Japan | P2: {=INDEX(_xlfn.SORTBY(_xlfn._xlws.FILTER($C$78:$E$125,$B$78:$B$125="G"),_xlfn._xlws.FILTER($D$78:$D$125,$B$78:$B$125="G"),-1,_xlfn._xlws.FILTER($E$78:$E$125,$B$78:$B$125="G"),-1),1,1)} -> Belgium | Q2: {=INDEX(_xlfn.SORTBY(_xlfn._xlws.FILTER($C$78:$E$125,$B$78:$B$125="H"),_xlfn._xlws.FILTER($D$78:$D$125,$B$78:$B$125="H"),-1,_xlfn._xlws.FILTER($E$78:$E$125,$B$78:$B$125="H"),-1),1,1)} -> Cabo Verde | R2: {=INDEX(_xlfn.SORTBY(_xlfn._xlws.FILTER($C$78:$E$125,$B$78:$B$125="I"),_xlfn._xlws.FILTER($D$78:$D$125,$B$78:$B$125="I"),-1,_xlfn._xlws.FILTER($E$78:$E$125,$B$78:$B$125="I"),-1),1,1)} -> France | S2: {=INDEX(_xlfn.SORTBY(_xlfn._xlws.FILTER($C$78:$E$125,$B$78:$B$125="J"),_xlfn._xlws.FILTER($D$78:$D$125,$B$78:$B$125="J"),-1,_xlfn._xlws.FILTER($E$78:$E$125,$B$78:$B$125="J"),-1),1,1)} -> Algeria | T2: {=INDEX(_xlfn.SORTBY(_xlfn._xlws.FILTER($C$78:$E$125,$B$78:$B$125="K"),_xlfn._xlws.FILTER($D$78:$D$125,$B$78:$B$125="K"),-1,_xlfn._xlws.FILTER($E$78:$E$125,$B$78:$B$125="K"),-1),1,1)} -> Colombia | U2: {=INDEX(_xlfn.SORTBY(_xlfn._xlws.FILTER($C$78:$E$125,$B$78:$B$125="L"),_xlfn._xlws.FILTER($D$78:$D$125,$B$78:$B$125="L"),-1,_xlfn._xlws.FILTER($E$78:$E$125,$B$78:$B$125="L"),-1),1,1)} -> Croatia
A3: 46185 | B3: A | C3: South Korea | D3: Czechia | E3: 2 | F3: 1 | G3: =IF(OR(E3="",F3=""),"",IF(E3>F3,1,IF(F3>E3,2,"X"))) -> 1 | H3: =SUM(E3:F3) -> 3 | I3: 2nd | J3: {=INDEX(_xlfn.SORTBY(_xlfn._xlws.FILTER($C$78:$E$125,$B$78:$B$125="A"),_xlfn._xlws.FILTER($D$78:$D$125,$B$78:$B$125="A"),-1,_xlfn._xlws.FILTER($E$78:$E$125,$B$78:$B$125="A"),-1),2,1)} -> South Korea | K3: {=INDEX(_xlfn.SORTBY(_xlfn._xlws.FILTER($C$78:$E$125,$B$78:$B$125="B"),_xlfn._xlws.FILTER($D$78:$D$125,$B$78:$B$125="B"),-1,_xlfn._xlws.FILTER($E$78:$E$125,$B$78:$B$125="B"),-1),2,1)} -> Canada | L3: {=INDEX(_xlfn.SORTBY(_xlfn._xlws.FILTER($C$78:$E$125,$B$78:$B$125="C"),_xlfn._xlws.FILTER($D$78:$D$125,$B$78:$B$125="C"),-1,_xlfn._xlws.FILTER($E$78:$E$125,$B$78:$B$125="C"),-1),2,1)} -> Haiti | M3: {=INDEX(_xlfn.SORTBY(_xlfn._xlws.FILTER($C$78:$E$125,$B$78:$B$125="D"),_xlfn._xlws.FILTER($D$78:$D$125,$B$78:$B$125="D"),-1,_xlfn._xlws.FILTER($E$78:$E$125,$B$78:$B$125="D"),-1),2,1)} -> Paraguay | N3: {=INDEX(_xlfn.SORTBY(_xlfn._xlws.FILTER($C$78:$E$125,$B$78:$B$125="E"),_xlfn._xlws.FILTER($D$78:$D$125,$B$78:$B$125="E"),-1,_xlfn._xlws.FILTER($E$78:$E$125,$B$78:$B$125="E"),-1),2,1)} -> Côte d'Ivoire | O3: {=INDEX(_xlfn.SORTBY(_xlfn._xlws.FILTER($C$78:$E$125,$B$78:$B$125="F"),_xlfn._xlws.FILTER($D$78:$D$125,$B$78:$B$125="F"),-1,_xlfn._xlws.FILTER($E$78:$E$125,$B$78:$B$125="F"),-1),2,1)} -> Netherlands | P3: {=INDEX(_xlfn.SORTBY(_xlfn._xlws.FILTER($C$78:$E$125,$B$78:$B$125="G"),_xlfn._xlws.FILTER($D$78:$D$125,$B$78:$B$125="G"),-1,_xlfn._xlws.FILTER($E$78:$E$125,$B$78:$B$125="G"),-1),2,1)} -> Egypt | Q3: {=INDEX(_xlfn.SORTBY(_xlfn._xlws.FILTER($C$78:$E$125,$B$78:$B$125="H"),_xlfn._xlws.FILTER($D$78:$D$125,$B$78:$B$125="H"),-1,_xlfn._xlws.FILTER($E$78:$E$125,$B$78:$B$125="H"),-1),2,1)} -> Saudi Arabia | R3: {=INDEX(_xlfn.SORTBY(_xlfn._xlws.FILTER($C$78:$E$125,$B$78:$B$125="I"),_xlfn._xlws.FILTER($D$78:$D$125,$B$78:$B$125="I"),-1,_xlfn._xlws.FILTER($E$78:$E$125,$B$78:$B$125="I"),-1),2,1)} -> Iraq | S3: {=INDEX(_xlfn.SORTBY(_xlfn._xlws.FILTER($C$78:$E$125,$B$78:$B$125="J"),_xlfn._xlws.FILTER($D$78:$D$125,$B$78:$B$125="J"),-1,_xlfn._xlws.FILTER($E$78:$E$125,$B$78:$B$125="J"),-1),2,1)} -> Argentina | T3: {=INDEX(_xlfn.SORTBY(_xlfn._xlws.FILTER($C$78:$E$125,$B$78:$B$125="K"),_xlfn._xlws.FILTER($D$78:$D$125,$B$78:$B$125="K"),-1,_xlfn._xlws.FILTER($E$78:$E$125,$B$78:$B$125="K"),-1),2,1)} -> Congo DR | U3: {=INDEX(_xlfn.SORTBY(_xlfn._xlws.FILTER($C$78:$E$125,$B$78:$B$125="L"),_xlfn._xlws.FILTER($D$78:$D$125,$B$78:$B$125="L"),-1,_xlfn._xlws.FILTER($E$78:$E$125,$B$78:$B$125="L"),-1),2,1)} -> England
A4: 46185 | B4: B | C4: Canada | D4: Bosnia and Herzegovina | E4: 1 | F4: 1 | G4: =IF(OR(E4="",F4=""),"",IF(E4>F4,1,IF(F4>E4,2,"X"))) -> X | H4: =SUM(E4:F4) -> 2 | I4: 3rd | J4: {=INDEX(_xlfn.SORTBY(_xlfn._xlws.FILTER($C$78:$E$125,$B$78:$B$125="A"),_xlfn._xlws.FILTER($D$78:$D$125,$B$78:$B$125="A"),-1,_xlfn._xlws.FILTER($E$78:$E$125,$B$78:$B$125="A"),-1),3,1)} -> Czechia | K4: {=INDEX(_xlfn.SORTBY(_xlfn._xlws.FILTER($C$78:$E$125,$B$78:$B$125="B"),_xlfn._xlws.FILTER($D$78:$D$125,$B$78:$B$125="B"),-1,_xlfn._xlws.FILTER($E$78:$E$125,$B$78:$B$125="B"),-1),3,1)} -> Qatar | L4: {=INDEX(_xlfn.SORTBY(_xlfn._xlws.FILTER($C$78:$E$125,$B$78:$B$125="C"),_xlfn._xlws.FILTER($D$78:$D$125,$B$78:$B$125="C"),-1,_xlfn._xlws.FILTER($E$78:$E$125,$B$78:$B$125="C"),-1),3,1)} -> Morocco | M4: {=INDEX(_xlfn.SORTBY(_xlfn._xlws.FILTER($C$78:$E$125,$B$78:$B$125="D"),_xlfn._xlws.FILTER($D$78:$D$125,$B$78:$B$125="D"),-1,_xlfn._xlws.FILTER($E$78:$E$125,$B$78:$B$125="D"),-1),3,1)} -> Türkiye | N4: {=INDEX(_xlfn.SORTBY(_xlfn._xlws.FILTER($C$78:$E$125,$B$78:$B$125="E"),_xlfn._xlws.FILTER($D$78:$D$125,$B$78:$B$125="E"),-1,_xlfn._xlws.FILTER($E$78:$E$125,$B$78:$B$125="E"),-1),3,1)} -> Ecuador | O4: {=INDEX(_xlfn.SORTBY(_xlfn._xlws.FILTER($C$78:$E$125,$B$78:$B$125="F"),_xlfn._xlws.FILTER($D$78:$D$125,$B$78:$B$125="F"),-1,_xlfn._xlws.FILTER($E$78:$E$125,$B$78:$B$125="F"),-1),3,1)} -> Sweden | P4: {=INDEX(_xlfn.SORTBY(_xlfn._xlws.FILTER($C$78:$E$125,$B$78:$B$125="G"),_xlfn._xlws.FILTER($D$78:$D$125,$B$78:$B$125="G"),-1,_xlfn._xlws.FILTER($E$78:$E$125,$B$78:$B$125="G"),-1),3,1)} -> IR Iran | Q4: {=INDEX(_xlfn.SORTBY(_xlfn._xlws.FILTER($C$78:$E$125,$B$78:$B$125="H"),_xlfn._xlws.FILTER($D$78:$D$125,$B$78:$B$125="H"),-1,_xlfn._xlws.FILTER($E$78:$E$125,$B$78:$B$125="H"),-1),3,1)} -> Spain | R4: {=INDEX(_xlfn.SORTBY(_xlfn._xlws.FILTER($C$78:$E$125,$B$78:$B$125="I"),_xlfn._xlws.FILTER($D$78:$D$125,$B$78:$B$125="I"),-1,_xlfn._xlws.FILTER($E$78:$E$125,$B$78:$B$125="I"),-1),3,1)} -> Norway | S4: {=INDEX(_xlfn.SORTBY(_xlfn._xlws.FILTER($C$78:$E$125,$B$78:$B$125="J"),_xlfn._xlws.FILTER($D$78:$D$125,$B$78:$B$125="J"),-1,_xlfn._xlws.FILTER($E$78:$E$125,$B$78:$B$125="J"),-1),3,1)} -> Austria | T4: {=INDEX(_xlfn.SORTBY(_xlfn._xlws.FILTER($C$78:$E$125,$B$78:$B$125="K"),_xlfn._xlws.FILTER($D$78:$D$125,$B$78:$B$125="K"),-1,_xlfn._xlws.FILTER($E$78:$E$125,$B$78:$B$125="K"),-1),3,1)} -> Portugal | U4: {=INDEX(_xlfn.SORTBY(_xlfn._xlws.FILTER($C$78:$E$125,$B$78:$B$125="L"),_xlfn._xlws.FILTER($D$78:$D$125,$B$78:$B$125="L"),-1,_xlfn._xlws.FILTER($E$78:$E$125,$B$78:$B$125="L"),-1),3,1)} -> Ghana
A5: 46186 | B5: D | C5: USA | D5: Paraguay | G5: =IF(OR(E5="",F5=""),"",IF(E5>F5,1,IF(F5>E5,2,"X"))) | H5: =SUM(E5:F5) -> 0 | I5: 4th | J5: {=INDEX(_xlfn.SORTBY(_xlfn._xlws.FILTER($C$78:$E$125,$B$78:$B$125="A"),_xlfn._xlws.FILTER($D$78:$D$125,$B$78:$B$125="A"),-1,_xlfn._xlws.FILTER($E$78:$E$125,$B$78:$B$125="A"),-1),4,1)} -> South Africa | K5: {=INDEX(_xlfn.SORTBY(_xlfn._xlws.FILTER($C$78:$E$125,$B$78:$B$125="B"),_xlfn._xlws.FILTER($D$78:$D$125,$B$78:$B$125="B"),-1,_xlfn._xlws.FILTER($E$78:$E$125,$B$78:$B$125="B"),-1),4,1)} -> Switzerland | L5: {=INDEX(_xlfn.SORTBY(_xlfn._xlws.FILTER($C$78:$E$125,$B$78:$B$125="C"),_xlfn._xlws.FILTER($D$78:$D$125,$B$78:$B$125="C"),-1,_xlfn._xlws.FILTER($E$78:$E$125,$B$78:$B$125="C"),-1),4,1)} -> Scotland | M5: {=INDEX(_xlfn.SORTBY(_xlfn._xlws.FILTER($C$78:$E$125,$B$78:$B$125="D"),_xlfn._xlws.FILTER($D$78:$D$125,$B$78:$B$125="D"),-1,_xlfn._xlws.FILTER($E$78:$E$125,$B$78:$B$125="D"),-1),4,1)} -> USA | N5: {=INDEX(_xlfn.SORTBY(_xlfn._xlws.FILTER($C$78:$E$125,$B$78:$B$125="E"),_xlfn._xlws.FILTER($D$78:$D$125,$B$78:$B$125="E"),-1,_xlfn._xlws.FILTER($E$78:$E$125,$B$78:$B$125="E"),-1),4,1)} -> Germany | O5: {=INDEX(_xlfn.SORTBY(_xlfn._xlws.FILTER($C$78:$E$125,$B$78:$B$125="F"),_xlfn._xlws.FILTER($D$78:$D$125,$B$78:$B$125="F"),-1,_xlfn._xlws.FILTER($E$78:$E$125,$B$78:$B$125="F"),-1),4,1)} -> Tunisia | P5: {=INDEX(_xlfn.SORTBY(_xlfn._xlws.FILTER($C$78:$E$125,$B$78:$B$125="G"),_xlfn._xlws.FILTER($D$78:$D$125,$B$78:$B$125="G"),-1,_xlfn._xlws.FILTER($E$78:$E$125,$B$78:$B$125="G"),-1),4,1)} -> New Zealand | Q5: {=INDEX(_xlfn.SORTBY(_xlfn._xlws.FILTER($C$78:$E$125,$B$78:$B$125="H"),_xlfn._xlws.FILTER($D$78:$D$125,$B$78:$B$125="H"),-1,_xlfn._xlws.FILTER($E$78:$E$125,$B$78:$B$125="H"),-1),4,1)} -> Uruguay | R5: {=INDEX(_xlfn.SORTBY(_xlfn._xlws.FILTER($C$78:$E$125,$B$78:$B$125="I"),_xlfn._xlws.FILTER($D$78:$D$125,$B$78:$B$125="I"),-1,_xlfn._xlws.FILTER($E$78:$E$125,$B$78:$B$125="I"),-1),4,1)} -> Senegal | S5: {=INDEX(_xlfn.SORTBY(_xlfn._xlws.FILTER($C$78:$E$125,$B$78:$B$125="J"),_xlfn._xlws.FILTER($D$78:$D$125,$B$78:$B$125="J"),-1,_xlfn._xlws.FILTER($E$78:$E$125,$B$78:$B$125="J"),-1),4,1)} -> Jordan | T5: {=INDEX(_xlfn.SORTBY(_xlfn._xlws.FILTER($C$78:$E$125,$B$78:$B$125="K"),_xlfn._xlws.FILTER($D$78:$D$125,$B$78:$B$125="K"),-1,_xlfn._xlws.FILTER($E$78:$E$125,$B$78:$B$125="K"),-1),4,1)} -> Uzbekistan | U5: {=INDEX(_xlfn.SORTBY(_xlfn._xlws.FILTER($C$78:$E$125,$B$78:$B$125="L"),_xlfn._xlws.FILTER($D$78:$D$125,$B$78:$B$125="L"),-1,_xlfn._xlws.FILTER($E$78:$E$125,$B$78:$B$125="L"),-1),4,1)} -> Panama
A6: 46186 | B6: B | C6: Qatar | D6: Switzerland | G6: =IF(OR(E6="",F6=""),"",IF(E6>F6,1,IF(F6>E6,2,"X"))) | H6: =SUM(E6:F6) -> 0
A7: 46186 | B7: C | C7: Brazil | D7: Morocco | G7: =IF(OR(E7="",F7=""),"",IF(E7>F7,1,IF(F7>E7,2,"X"))) | H7: =SUM(E7:F7) -> 0
A8: 46187 | B8: C | C8: Haiti | D8: Scotland | G8: =IF(OR(E8="",F8=""),"",IF(E8>F8,1,IF(F8>E8,2,"X"))) | H8: =SUM(E8:F8) -> 0
A9: 46187 | B9: D | C9: Australia | D9: Türkiye | G9: =IF(OR(E9="",F9=""),"",IF(E9>F9,1,IF(F9>E9,2,"X"))) | H9: =SUM(E9:F9) -> 0
A10: 46187 | B10: E | C10: Germany | D10: Curaçao | G10: =IF(OR(E10="",F10=""),"",IF(E10>F10,1,IF(F10>E10,2,"X"))) | H10: =SUM(E10:F10) -> 0
A11: 46187 | B11: F | C11: Netherlands | D11: Japan | G11: =IF(OR(E11="",F11=""),"",IF(E11>F11,1,IF(F11>E11,2,"X"))) | H11: =SUM(E11:F11) -> 0
A12: 46188 | B12: E | C12: Côte d'Ivoire | D12: Ecuador | G12: =IF(OR(E12="",F12=""),"",IF(E12>F12,1,IF(F12>E12,2,"X"))) | H12: =SUM(E12:F12) -> 0
A13: 46188 | B13: F | C13: Sweden | D13: Tunisia | G13: =IF(OR(E13="",F13=""),"",IF(E13>F13,1,IF(F13>E13,2,"X"))) | H13: =SUM(E13:F13) -> 0
A14: 46188 | B14: G | C14: Belgium | D14: Egypt | G14: =IF(OR(E14="",F14=""),"",IF(E14>F14,1,IF(F14>E14,2,"X"))) | H14: =SUM(E14:F14) -> 0
A15: 46188 | B15: H | C15: Spain | D15: Cabo Verde | G15: =IF(OR(E15="",F15=""),"",IF(E15>F15,1,IF(F15>E15,2,"X"))) | H15: =SUM(E15:F15) -> 0
A16: 46188 | B16: H | C16: Saudi Arabia | D16: Uruguay | G16: =IF(OR(E16="",F16=""),"",IF(E16>F16,1,IF(F16>E16,2,"X"))) | H16: =SUM(E16:F16) -> 0
A17: 46189 | B17: G | C17: IR Iran | D17: New Zealand | G17: =IF(OR(E17="",F17=""),"",IF(E17>F17,1,IF(F17>E17,2,"X"))) | H17: =SUM(E17:F17) -> 0
... A73: 46201 | B73: K | C73: Congo DR | D73: Uzbekistan | G73: =IF(OR(E73="",F73=""),"",IF(E73>F73,1,IF(F73>E73,2,"X"))) | H73: =SUM(E73:F73) -> 0
H74: =SUM(H2:H73) -> 7
B77: Group | C77: Team | D77: Points | E77: Goal Difference
B78: =IFERROR(INDEX($B$2:$B$73,MATCH(C78,$C$2:$C$73,0)),INDEX($B$2:$B$73,MATCH(C78,$D$2:$D$73,0))) -> A | C78: Mexico | D78: {=SUMPRODUCT((($C$2:$C$73=C78)*($G$2:$G$73=1))*3) + SUMPRODUCT((($D$2:$D$73=C78)*($G$2:$G$73=2))*3) + SUMPRODUCT((($C$2:$C$73=C78)+($D$2:$D$73=C78))*($G$2:$G$73="X"))} -> 3 | E78: {=SUMPRODUCT(($C$2:$C$73=C78)*$E$2:$E$73)+SUMPRODUCT(($D$2:$D$73=C78)*$F$2:$F$73)-SUMPRODUCT(($C$2:$C$73=C78)*$F$2:$F$73)-SUMPRODUCT(($D$2:$D$73=C78)*$E$2:$E$73)} -> 2
B79: =IFERROR(INDEX($B$2:$B$73,MATCH(C79,$C$2:$C$73,0)),INDEX($B$2:$B$73,MATCH(C79,$D$2:$D$73,0))) -> A | C79: Czechia | D79: {=SUMPRODUCT((($C$2:$C$73=C79)*($G$2:$G$73=1))*3) + SUMPRODUCT((($D$2:$D$73=C79)*($G$2:$G$73=2))*3) + SUMPRODUCT((($C$2:$C$73=C79)+($D$2:$D$73=C79))*($G$2:$G$73="X"))} -> 0 | E79: {=SUMPRODUCT(($C$2:$C$73=C79)*$E$2:$E$73)+SUMPRODUCT(($D$2:$D$73=C79)*$F$2:$F$73)-SUMPRODUCT(($C$2:$C$73=C79)*$F$2:$F$73)-SUMPRODUCT(($D$2:$D$73=C79)*$E$2:$E$73)} -> -1
B80: =IFERROR(INDEX($B$2:$B$73,MATCH(C80,$C$2:$C$73,0)),INDEX($B$2:$B$73,MATCH(C80,$D$2:$D$73,0))) -> A | C80: South Africa | D80: {=SUMPRODUCT((($C$2:$C$73=C80)*($G$2:$G$73=1))*3) + SUMPRODUCT((($D$2:$D$73=C80)*($G$2:$G$73=2))*3) + SUMPRODUCT((($C$2:$C$73=C80)+($D$2:$D$73=C80))*($G$2:$G$73="X"))} -> 0 | E80: {=SUMPRODUCT(($C$2:$C$73=C80)*$E$2:$E$73)+SUMPRODUCT(($D$2:$D$73=C80)*$F$2:$F$73)-SUMPRODUCT(($C$2:$C$73=C80)*$F$2:$F$73)-SUMPRODUCT(($D$2:$D$73=C80)*$E$2:$E$73)} -> -2
B81: =IFERROR(INDEX($B$2:$B$73,MATCH(C81,$C$2:$C$73,0)),INDEX($B$2:$B$73,MATCH(C81,$D$2:$D$73,0))) -> A | C81: South Korea | D81: {=SUMPRODUCT((($C$2:$C$73=C81)*($G$2:$G$73=1))*3) + SUMPRODUCT((($D$2:$D$73=C81)*($G$2:$G$73=2))*3) + SUMPRODUCT((($C$2:$C$73=C81)+($D$2:$D$73=C81))*($G$2:$G$73="X"))} -> 3 | E81: {=SUMPRODUCT(($C$2:$C$73=C81)*$E$2:$E$73)+SUMPRODUCT(($D$2:$D$73=C81)*$F$2:$F$73)-SUMPRODUCT(($C$2:$C$73=C81)*$F$2:$F$73)-SUMPRODUCT(($D$2:$D$73=C81)*$E$2:$E$73)} -> 1
B82: =IFERROR(INDEX($B$2:$B$73,MATCH(C82,$C$2:$C$73,0)),INDEX($B$2:$B$73,MATCH(C82,$D$2:$D$73,0))) -> B | C82: Bosnia and Herzegovina | D82: {=SUMPRODUCT((($C$2:$C$73=C82)*($G$2:$G$73=1))*3) + SUMPRODUCT((($D$2:$D$73=C82)*($G$2:$G$73=2))*3) + SUMPRODUCT((($C$2:$C$73=C82)+($D$2:$D$73=C82))*($G$2:$G$73="X"))} -> 1 | E82: {=SUMPRODUCT(($C$2:$C$73=C82)*$E$2:$E$73)+SUMPRODUCT(($D$2:$D$73=C82)*$F$2:$F$73)-SUMPRODUCT(($C$2:$C$73=C82)*$F$2:$F$73)-SUMPRODUCT(($D$2:$D$73=C82)*$E$2:$E$73)} -> 0
B83: =IFERROR(INDEX($B$2:$B$73,MATCH(C83,$C$2:$C$73,0)),INDEX($B$2:$B$73,MATCH(C83,$D$2:$D$73,0))) -> B | C83: Canada | D83: {=SUMPRODUCT((($C$2:$C$73=C83)*($G$2:$G$73=1))*3) + SUMPRODUCT((($D$2:$D$73=C83)*($G$2:$G$73=2))*3) + SUMPRODUCT((($C$2:$C$73=C83)+($D$2:$D$73=C83))*($G$2:$G$73="X"))} -> 1 | E83: {=SUMPRODUCT(($C$2:$C$73=C83)*$E$2:$E$73)+SUMPRODUCT(($D$2:$D$73=C83)*$F$2:$F$73)-SUMPRODUCT(($C$2:$C$73=C83)*$F$2:$F$73)-SUMPRODUCT(($D$2:$D$73=C83)*$E$2:$E$73)} -> 0
B84: =IFERROR(INDEX($B$2:$B$73,MATCH(C84,$C$2:$C$73,0)),INDEX($B$2:$B$73,MATCH(C84,$D$2:$D$73,0))) -> B | C84: Qatar | D84: {=SUMPRODUCT((($C$2:$C$73=C84)*($G$2:$G$73=1))*3) + SUMPRODUCT((($D$2:$D$73=C84)*($G$2:$G$73=2))*3) + SUMPRODUCT((($C$2:$C$73=C84)+($D$2:$D$73=C84))*($G$2:$G$73="X"))} -> 0 | E84: {=SUMPRODUCT(($C$2:$C$73=C84)*$E$2:$E$73)+SUMPRODUCT(($D$2:$D$73=C84)*$F$2:$F$73)-SUMPRODUCT(($C$2:$C$73=C84)*$F$2:$F$73)-SUMPRODUCT(($D$2:$D$73=C84)*$E$2:$E$73)} -> 0
B85: =IFERROR(INDEX($B$2:$B$73,MATCH(C85,$C$2:$C$73,0)),INDEX($B$2:$B$73,MATCH(C85,$D$2:$D$73,0))) -> B | C85: Switzerland | D85: {=SUMPRODUCT((($C$2:$C$73=C85)*($G$2:$G$73=1))*3) + SUMPRODUCT((($D$2:$D$73=C85)*($G$2:$G$73=2))*3) + SUMPRODUCT((($C$2:$C$73=C85)+($D$2:$D$73=C85))*($G$2:$G$73="X"))} -> 0 | E85: {=SUMPRODUCT(($C$2:$C$73=C85)*$E$2:$E$73)+SUMPRODUCT(($D$2:$D$73=C85)*$F$2:$F$73)-SUMPRODUCT(($C$2:$C$73=C85)*$F$2:$F$73)-SUMPRODUCT(($D$2:$D$73=C85)*$E$2:$E$73)} -> 0
B86: =IFERROR(INDEX($B$2:$B$73,MATCH(C86,$C$2:$C$73,0)),INDEX($B$2:$B$73,MATCH(C86,$D$2:$D$73,0))) -> C | C86: Brazil | D86: {=SUMPRODUCT((($C$2:$C$73=C86)*($G$2:$G$73=1))*3) + SUMPRODUCT((($D$2:$D$73=C86)*($G$2:$G$73=2))*3) + SUMPRODUCT((($C$2:$C$73=C86)+($D$2:$D$73=C86))*($G$2:$G$73="X"))} -> 0 | E86: {=SUMPRODUCT(($C$2:$C$73=C86)*$E$2:$E$73)+SUMPRODUCT(($D$2:$D$73=C86)*$F$2:$F$73)-SUMPRODUCT(($C$2:$C$73=C86)*$F$2:$F$73)-SUMPRODUCT(($D$2:$D$73=C86)*$E$2:$E$73)} -> 0
B87: =IFERROR(INDEX($B$2:$B$73,MATCH(C87,$C$2:$C$73,0)),INDEX($B$2:$B$73,MATCH(C87,$D$2:$D$73,0))) -> C | C87: Haiti | D87: {=SUMPRODUCT((($C$2:$C$73=C87)*($G$2:$G$73=1))*3) + SUMPRODUCT((($D$2:$D$73=C87)*($G$2:$G$73=2))*3) + SUMPRODUCT((($C$2:$C$73=C87)+($D$2:$D$73=C87))*($G$2:$G$73="X"))} -> 0 | E87: {=SUMPRODUCT(($C$2:$C$73=C87)*$E$2:$E$73)+SUMPRODUCT(($D$2:$D$73=C87)*$F$2:$F$73)-SUMPRODUCT(($C$2:$C$73=C87)*$F$2:$F$73)-SUMPRODUCT(($D$2:$D$73=C87)*$E$2:$E$73)} -> 0
B88: =IFERROR(INDEX($B$2:$B$73,MATCH(C88,$C$2:$C$73,0)),INDEX($B$2:$B$73,MATCH(C88,$D$2:$D$73,0))) -> C | C88: Morocco | D88: {=SUMPRODUCT((($C$2:$C$73=C88)*($G$2:$G$73=1))*3) + SUMPRODUCT((($D$2:$D$73=C88)*($G$2:$G$73=2))*3) + SUMPRODUCT((($C$2:$C$73=C88)+($D$2:$D$73=C88))*($G$2:$G$73="X"))} -> 0 | E88: {=SUMPRODUCT(($C$2:$C$73=C88)*$E$2:$E$73)+SUMPRODUCT(($D$2:$D$73=C88)*$F$2:$F$73)-SUMPRODUCT(($C$2:$C$73=C88)*$F$2:$F$73)-SUMPRODUCT(($D$2:$D$73=C88)*$E$2:$E$73)} -> 0
B89: =IFERROR(INDEX($B$2:$B$73,MATCH(C89,$C$2:$C$73,0)),INDEX($B$2:$B$73,MATCH(C89,$D$2:$D$73,0))) -> C | C89: Scotland | D89: {=SUMPRODUCT((($C$2:$C$73=C89)*($G$2:$G$73=1))*3) + SUMPRODUCT((($D$2:$D$73=C89)*($G$2:$G$73=2))*3) + SUMPRODUCT((($C$2:$C$73=C89)+($D$2:$D$73=C89))*($G$2:$G$73="X"))} -> 0 | E89: {=SUMPRODUCT(($C$2:$C$73=C89)*$E$2:$E$73)+SUMPRODUCT(($D$2:$D$73=C89)*$F$2:$F$73)-SUMPRODUCT(($C$2:$C$73=C89)*$F$2:$F$73)-SUMPRODUCT(($D$2:$D$73=C89)*$E$2:$E$73)} -> 0
... B125: =IFERROR(INDEX($B$2:$B$73,MATCH(C125,$C$2:$C$73,0)),INDEX($B$2:$B$73,MATCH(C125,$D$2:$D$73,0))) -> L | C125: Panama | D125: {=SUMPRODUCT((($C$2:$C$73=C125)*($G$2:$G$73=1))*3) + SUMPRODUCT((($D$2:$D$73=C125)*($G$2:$G$73=2))*3) + SUMPRODUCT((($C$2:$C$73=C125)+($D$2:$D$73=C125))*($G$2:$G$73="X"))} -> 0 | E125: {=SUMPRODUCT(($C$2:$C$73=C125)*$E$2:$E$73)+SUMPRODUCT(($D$2:$D$73=C125)*$F$2:$F$73)-SUMPRODUCT(($C$2:$C$73=C125)*$F$2:$F$73)-SUMPRODUCT(($D$2:$D$73=C125)*$E$2:$E$73)} -> 0

Sheet Predictions
F1: Matthew O'Brien | H1: =Leaderboard!C3 -> Aaron Twiss | J1: =Leaderboard!C4 -> Arion Aliu | L1: =Leaderboard!C5 -> Rayan Zaibag | N1: =Leaderboard!C6 -> Jorge Lopez
F2: Match | G2: Group | H2: Match | I2: Group | J2: Match | K2: Group | L2: Match | M2: Group | N2: Match | O2: Group
A3: Date | B3: Group | C3: Home | D3: Away | E3: Result | F3: =SUM(G4:G75) -> 2 | G3: =SUM(G78:G125) -> 19 | H3: =SUM(I4:I75) -> 2 | I3: =SUM(I78:I125) -> 12 | J3: =SUM(K4:K75) -> 2 | K3: =SUM(K78:K125) -> 19 | L3: =SUM(M4:M75) -> 2 | M3: =SUM(M78:M125) -> 19 | N3: =SUM(O4:O75) -> 2 | O3: =SUM(O78:O125) -> 13
A4: 46184 | B4: A | C4: Mexico | D4: South Africa | E4: ='Master Score'!G2 -> 1 | F4: 1 | G4: =IF($E4="","",IF(F4=$E4,1,0)) -> 1 | H4: 1 | I4: =IF($E4="","",IF(H4=$E4,1,0)) -> 1 | J4: 1 | K4: =IF($E4="","",IF(J4=$E4,1,0)) -> 1 | L4: 1 | M4: =IF($E4="","",IF(L4=$E4,1,0)) -> 1 | N4: 1 | O4: =IF($E4="","",IF(N4=$E4,1,0)) -> 1
A5: 46185 | B5: A | C5: South Korea | D5: Czechia | E5: ='Master Score'!G3 -> 1 | F5: 1 | G5: =IF($E5="","",IF(F5=$E5,1,0)) -> 1 | H5: X | I5: =IF($E5="","",IF(H5=$E5,1,0)) -> 0 | J5: 1 | K5: =IF($E5="","",IF(J5=$E5,1,0)) -> 1 | L5: X | M5: =IF($E5="","",IF(L5=$E5,1,0)) -> 0 | N5: 1 | O5: =IF($E5="","",IF(N5=$E5,1,0)) -> 1
A6: 46185 | B6: B | C6: Canada | D6: Bosnia and Herzegovina | E6: ='Master Score'!G4 -> X | F6: 1 | G6: =IF($E6="","",IF(F6=$E6,1,0)) -> 0 | H6: X | I6: =IF($E6="","",IF(H6=$E6,1,0)) -> 1 | J6: 2 | K6: =IF($E6="","",IF(J6=$E6,1,0)) -> 0 | L6: X | M6: =IF($E6="","",IF(L6=$E6,1,0)) -> 1 | N6: 1 | O6: =IF($E6="","",IF(N6=$E6,1,0)) -> 0
A7: 46186 | B7: D | C7: USA | D7: Paraguay | E7: ='Master Score'!G5 | F7: 1 | G7: =IF($E7="","",IF(F7=$E7,1,0)) | H7: 2 | I7: =IF($E7="","",IF(H7=$E7,1,0)) | J7: 1 | K7: =IF($E7="","",IF(J7=$E7,1,0)) | L7: 1 | M7: =IF($E7="","",IF(L7=$E7,1,0)) | N7: 1 | O7: =IF($E7="","",IF(N7=$E7,1,0))
A8: 46186 | B8: B | C8: Qatar | D8: Switzerland | E8: ='Master Score'!G6 | F8: 2 | G8: =IF($E8="","",IF(F8=$E8,1,0)) | H8: 2 | I8: =IF($E8="","",IF(H8=$E8,1,0)) | J8: 2 | K8: =IF($E8="","",IF(J8=$E8,1,0)) | L8: 2 | M8: =IF($E8="","",IF(L8=$E8,1,0)) | N8: 2 | O8: =IF($E8="","",IF(N8=$E8,1,0))
A9: 46186 | B9: C | C9: Brazil | D9: Morocco | E9: ='Master Score'!G7 | F9: 1 | G9: =IF($E9="","",IF(F9=$E9,1,0)) | H9: 2 | I9: =IF($E9="","",IF(H9=$E9,1,0)) | J9: 1 | K9: =IF($E9="","",IF(J9=$E9,1,0)) | L9: 1 | M9: =IF($E9="","",IF(L9=$E9,1,0)) | N9: 1 | O9: =IF($E9="","",IF(N9=$E9,1,0))
A10: 46187 | B10: C | C10: Haiti | D10: Scotland | E10: ='Master Score'!G8 | F10: 2 | G10: =IF($E10="","",IF(F10=$E10,1,0)) | H10: 2 | I10: =IF($E10="","",IF(H10=$E10,1,0)) | J10: 2 | K10: =IF($E10="","",IF(J10=$E10,1,0)) | L10: 2 | M10: =IF($E10="","",IF(L10=$E10,1,0)) | N10: 2 | O10: =IF($E10="","",IF(N10=$E10,1,0))
A11: 46187 | B11: D | C11: Australia | D11: Türkiye | E11: ='Master Score'!G9 | F11: 2 | G11: =IF($E11="","",IF(F11=$E11,1,0)) | H11: 2 | I11: =IF($E11="","",IF(H11=$E11,1,0)) | J11: 2 | K11: =IF($E11="","",IF(J11=$E11,1,0)) | L11: 2 | M11: =IF($E11="","",IF(L11=$E11,1,0)) | N11: 2 | O11: =IF($E11="","",IF(N11=$E11,1,0))
A12: 46187 | B12: E | C12: Germany | D12: Curaçao | E12: ='Master Score'!G10 | F12: 1 | G12: =IF($E12="","",IF(F12=$E12,1,0)) | H12: 1 | I12: =IF($E12="","",IF(H12=$E12,1,0)) | J12: 1 | K12: =IF($E12="","",IF(J12=$E12,1,0)) | L12: 1 | M12: =IF($E12="","",IF(L12=$E12,1,0)) | N12: 1 | O12: =IF($E12="","",IF(N12=$E12,1,0))
A13: 46187 | B13: F | C13: Netherlands | D13: Japan | E13: ='Master Score'!G11 | F13: X | G13: =IF($E13="","",IF(F13=$E13,1,0)) | H13: 1 | I13: =IF($E13="","",IF(H13=$E13,1,0)) | J13: 1 | K13: =IF($E13="","",IF(J13=$E13,1,0)) | L13: X | M13: =IF($E13="","",IF(L13=$E13,1,0)) | N13: X | O13: =IF($E13="","",IF(N13=$E13,1,0))
A14: 46188 | B14: E | C14: Côte d'Ivoire | D14: Ecuador | E14: ='Master Score'!G12 | F14: 1 | G14: =IF($E14="","",IF(F14=$E14,1,0)) | H14: X | I14: =IF($E14="","",IF(H14=$E14,1,0)) | J14: 1 | K14: =IF($E14="","",IF(J14=$E14,1,0)) | L14: X | M14: =IF($E14="","",IF(L14=$E14,1,0)) | N14: 2 | O14: =IF($E14="","",IF(N14=$E14,1,0))
A15: 46188 | B15: F | C15: Sweden | D15: Tunisia | E15: ='Master Score'!G13 | F15: 1 | G15: =IF($E15="","",IF(F15=$E15,1,0)) | H15: X | I15: =IF($E15="","",IF(H15=$E15,1,0)) | J15: 1 | K15: =IF($E15="","",IF(J15=$E15,1,0)) | L15: 1 | M15: =IF($E15="","",IF(L15=$E15,1,0)) | N15: 2 | O15: =IF($E15="","",IF(N15=$E15,1,0))
A16: 46188 | B16: G | C16: Belgium | D16: Egypt | E16: ='Master Score'!G14 | F16: 1 | G16: =IF($E16="","",IF(F16=$E16,1,0)) | H16: 1 | I16: =IF($E16="","",IF(H16=$E16,1,0)) | J16: 1 | K16: =IF($E16="","",IF(J16=$E16,1,0)) | L16: 1 | M16: =IF($E16="","",IF(L16=$E16,1,0)) | N16: 1 | O16: =IF($E16="","",IF(N16=$E16,1,0))
A17: 46188 | B17: H | C17: Spain | D17: Cabo Verde | E17: ='Master Score'!G15 | F17: 1 | G17: =IF($E17="","",IF(F17=$E17,1,0)) | H17: 1 | I17: =IF($E17="","",IF(H17=$E17,1,0)) | J17: 1 | K17: =IF($E17="","",IF(J17=$E17,1,0)) | L17: 1 | M17: =IF($E17="","",IF(L17=$E17,1,0)) | N17: 1 | O17: =IF($E17="","",IF(N17=$E17,1,0))
A18: 46188 | B18: H | C18: Saudi Arabia | D18: Uruguay | E18: ='Master Score'!G16 | F18: 2 | G18: =IF($E18="","",IF(F18=$E18,1,0)) | H18: 2 | I18: =IF($E18="","",IF(H18=$E18,1,0)) | J18: 2 | K18: =IF($E18="","",IF(J18=$E18,1,0)) | L18: 2 | M18: =IF($E18="","",IF(L18=$E18,1,0)) | N18: 2 | O18: =IF($E18="","",IF(N18=$E18,1,0))
A19: 46189 | B19: G | C19: IR Iran | D19: New Zealand | E19: ='Master Score'!G17 | F19: X | G19: =IF($E19="","",IF(F19=$E19,1,0)) | H19: 1 | I19: =IF($E19="","",IF(H19=$E19,1,0)) | J19: 2 | K19: =IF($E19="","",IF(J19=$E19,1,0)) | L19: 1 | M19: =IF($E19="","",IF(L19=$E19,1,0)) | N19: 1 | O19: =IF($E19="","",IF(N19=$E19,1,0))
A20: 46189 | B20: I | C20: France | D20: Senegal | E20: ='Master Score'!G18 | F20: 1 | G20: =IF($E20="","",IF(F20=$E20,1,0)) | H20: 1 | I20: =IF($E20="","",IF(H20=$E20,1,0)) | J20: 1 | K20: =IF($E20="","",IF(J20=$E20,1,0)) | L20: 1 | M20: =IF($E20="","",IF(L20=$E20,1,0)) | N20: 1 | O20: =IF($E20="","",IF(N20=$E20,1,0))
A21: 46189 | B21: I | C21: Iraq | D21: Norway | E21: ='Master Score'!G19 | F21: 2 | G21: =IF($E21="","",IF(F21=$E21,1,0)) | H21: 2 | I21: =IF($E21="","",IF(H21=$E21,1,0)) | J21: 2 | K21: =IF($E21="","",IF(J21=$E21,1,0)) | L21: 2 | M21: =IF($E21="","",IF(L21=$E21,1,0)) | N21: 2 | O21: =IF($E21="","",IF(N21=$E21,1,0))
A22: 46190 | B22: J | C22: Argentina | D22: Algeria | E22: ='Master Score'!G20 | F22: 1 | G22: =IF($E22="","",IF(F22=$E22,1,0)) | H22: 1 | I22: =IF($E22="","",IF(H22=$E22,1,0)) | J22: 1 | K22: =IF($E22="","",IF(J22=$E22,1,0)) | L22: 1 | M22: =IF($E22="","",IF(L22=$E22,1,0)) | N22: 1 | O22: =IF($E22="","",IF(N22=$E22,1,0))
A23: 46190 | B23: J | C23: Austria | D23: Jordan | E23: ='Master Score'!G21 | F23: 1 | G23: =IF($E23="","",IF(F23=$E23,1,0)) | H23: 1 | I23: =IF($E23="","",IF(H23=$E23,1,0)) | J23: 1 | K23: =IF($E23="","",IF(J23=$E23,1,0)) | L23: 1 | M23: =IF($E23="","",IF(L23=$E23,1,0)) | N23: 1 | O23: =IF($E23="","",IF(N23=$E23,1,0))
A24: 46190 | B24: K | C24: Portugal | D24: Congo DR | E24: ='Master Score'!G22 | F24: 1 | G24: =IF($E24="","",IF(F24=$E24,1,0)) | H24: 1 | I24: =IF($E24="","",IF(H24=$E24,1,0)) | J24: 1 | K24: =IF($E24="","",IF(J24=$E24,1,0)) | L24: 1 | M24: =IF($E24="","",IF(L24=$E24,1,0)) | N24: 1 | O24: =IF($E24="","",IF(N24=$E24,1,0))
A25: 46190 | B25: L | C25: England | D25: Croatia | E25: ='Master Score'!G23 | F25: X | G25: =IF($E25="","",IF(F25=$E25,1,0)) | H25: 1 | I25: =IF($E25="","",IF(H25=$E25,1,0)) | J25: 1 | K25: =IF($E25="","",IF(J25=$E25,1,0)) | L25: X | M25: =IF($E25="","",IF(L25=$E25,1,0)) | N25: 1 | O25: =IF($E25="","",IF(N25=$E25,1,0))
A26: 46191 | B26: K | C26: Uzbekistan | D26: Colombia | E26: ='Master Score'!G24 | F26: 2 | G26: =IF($E26="","",IF(F26=$E26,1,0)) | H26: 2 | I26: =IF($E26="","",IF(H26=$E26,1,0)) | J26: 2 | K26: =IF($E26="","",IF(J26=$E26,1,0)) | L26: 2 | M26: =IF($E26="","",IF(L26=$E26,1,0)) | N26: 2 | O26: =IF($E26="","",IF(N26=$E26,1,0))
A27: 46191 | B27: L | C27: Ghana | D27: Panama | E27: ='Master Score'!G25 | F27: 1 | G27: =IF($E27="","",IF(F27=$E27,1,0)) | H27: 1 | I27: =IF($E27="","",IF(H27=$E27,1,0)) | J27: X | K27: =IF($E27="","",IF(J27=$E27,1,0)) | L27: X | M27: =IF($E27="","",IF(L27=$E27,1,0)) | N27: 1 | O27: =IF($E27="","",IF(N27=$E27,1,0))
A28: 46191 | B28: A | C28: Czechia | D28: South Africa | E28: ='Master Score'!G26 | F28: X | G28: =IF($E28="","",IF(F28=$E28,1,0)) | H28: 1 | I28: =IF($E28="","",IF(H28=$E28,1,0)) | J28: 1 | K28: =IF($E28="","",IF(J28=$E28,1,0)) | L28: 1 | M28: =IF($E28="","",IF(L28=$E28,1,0)) | N28: 1 | O28: =IF($E28="","",IF(N28=$E28,1,0))
A29: 46191 | B29: B | C29: Switzerland | D29: Bosnia and Herzegovina | E29: ='Master Score'!G27 | F29: 1 | G29: =IF($E29="","",IF(F29=$E29,1,0)) | H29: 1 | I29: =IF($E29="","",IF(H29=$E29,1,0)) | J29: 1 | K29: =IF($E29="","",IF(J29=$E29,1,0)) | L29: 1 | M29: =IF($E29="","",IF(L29=$E29,1,0)) | N29: 1 | O29: =IF($E29="","",IF(N29=$E29,1,0)) | Q29: Mexico
A30: 46191 | B30: B | C30: Canada | D30: Qatar | E30: ='Master Score'!G28 | F30: 1 | G30: =IF($E30="","",IF(F30=$E30,1,0)) | H30: 1 | I30: =IF($E30="","",IF(H30=$E30,1,0)) | J30: 1 | K30: =IF($E30="","",IF(J30=$E30,1,0)) | L30: 1 | M30: =IF($E30="","",IF(L30=$E30,1,0)) | N30: 1 | O30: =IF($E30="","",IF(N30=$E30,1,0)) | Q30: Czechia
A31: 46192 | B31: A | C31: Mexico | D31: South Korea | E31: ='Master Score'!G29 | F31: 1 | G31: =IF($E31="","",IF(F31=$E31,1,0)) | H31: 1 | I31: =IF($E31="","",IF(H31=$E31,1,0)) | J31: X | K31: =IF($E31="","",IF(J31=$E31,1,0)) | L31: 1 | M31: =IF($E31="","",IF(L31=$E31,1,0)) | N31: 1 | O31: =IF($E31="","",IF(N31=$E31,1,0)) | Q31: South Korea
A32: 46192 | B32: C | C32: Scotland | D32: Morocco | E32: ='Master Score'!G30 | F32: X | G32: =IF($E32="","",IF(F32=$E32,1,0)) | H32: 2 | I32: =IF($E32="","",IF(H32=$E32,1,0)) | J32: 2 | K32: =IF($E32="","",IF(J32=$E32,1,0)) | L32: 2 | M32: =IF($E32="","",IF(L32=$E32,1,0)) | N32: 2 | O32: =IF($E32="","",IF(N32=$E32,1,0)) | Q32: South Africa
A33: 46192 | B33: D | C33: USA | D33: Australia | E33: ='Master Score'!G31 | F33: X | G33: =IF($E33="","",IF(F33=$E33,1,0)) | H33: 1 | I33: =IF($E33="","",IF(H33=$E33,1,0)) | J33: X | K33: =IF($E33="","",IF(J33=$E33,1,0)) | L33: 1 | M33: =IF($E33="","",IF(L33=$E33,1,0)) | N33: 1 | O33: =IF($E33="","",IF(N33=$E33,1,0)) | Q33: Bosnia and Herzegovina
A34: 46193 | B34: C | C34: Brazil | D34: Haiti | E34: ='Master Score'!G32 | F34: 1 | G34: =IF($E34="","",IF(F34=$E34,1,0)) | H34: 1 | I34: =IF($E34="","",IF(H34=$E34,1,0)) | J34: 1 | K34: =IF($E34="","",IF(J34=$E34,1,0)) | L34: 1 | M34: =IF($E34="","",IF(L34=$E34,1,0)) | N34: 1 | O34: =IF($E34="","",IF(N34=$E34,1,0)) | Q34: Qatar
A35: 46193 | B35: D | C35: Türkiye | D35: Paraguay | E35: ='Master Score'!G33 | F35: 1 | G35: =IF($E35="","",IF(F35=$E35,1,0)) | H35: X | I35: =IF($E35="","",IF(H35=$E35,1,0)) | J35: 1 | K35: =IF($E35="","",IF(J35=$E35,1,0)) | L35: 1 | M35: =IF($E35="","",IF(L35=$E35,1,0)) | N35: 1 | O35: =IF($E35="","",IF(N35=$E35,1,0)) | Q35: Switzerland
A36: 46193 | B36: E | C36: Germany | D36: Côte d'Ivoire | E36: ='Master Score'!G34 | F36: 1 | G36: =IF($E36="","",IF(F36=$E36,1,0)) | H36: 1 | I36: =IF($E36="","",IF(H36=$E36,1,0)) | J36: 1 | K36: =IF($E36="","",IF(J36=$E36,1,0)) | L36: 1 | M36: =IF($E36="","",IF(L36=$E36,1,0)) | N36: 1 | O36: =IF($E36="","",IF(N36=$E36,1,0)) | Q36: Canada
A37: 46193 | B37: F | C37: Netherlands | D37: Sweden | E37: ='Master Score'!G35 | F37: 1 | G37: =IF($E37="","",IF(F37=$E37,1,0)) | H37: 1 | I37: =IF($E37="","",IF(H37=$E37,1,0)) | J37: 1 | K37: =IF($E37="","",IF(J37=$E37,1,0)) | L37: 1 | M37: =IF($E37="","",IF(L37=$E37,1,0)) | N37: 1 | O37: =IF($E37="","",IF(N37=$E37,1,0)) | Q37: Brazil
A38: 46194 | B38: E | C38: Ecuador | D38: Curaçao | E38: ='Master Score'!G36 | F38: X | G38: =IF($E38="","",IF(F38=$E38,1,0)) | H38: 1 | I38: =IF($E38="","",IF(H38=$E38,1,0)) | J38: 1 | K38: =IF($E38="","",IF(J38=$E38,1,0)) | L38: 1 | M38: =IF($E38="","",IF(L38=$E38,1,0)) | N38: 1 | O38: =IF($E38="","",IF(N38=$E38,1,0)) | Q38: Haiti
A39: 46194 | B39: F | C39: Tunisia | D39: Japan | E39: ='Master Score'!G37 | F39: 2 | G39: =IF($E39="","",IF(F39=$E39,1,0)) | H39: 2 | I39: =IF($E39="","",IF(H39=$E39,1,0)) | J39: 2 | K39: =IF($E39="","",IF(J39=$E39,1,0)) | L39: 2 | M39: =IF($E39="","",IF(L39=$E39,1,0)) | N39: 2 | O39: =IF($E39="","",IF(N39=$E39,1,0)) | Q39: Morocco
A40: 46194 | B40: G | C40: Belgium | D40: IR Iran | E40: ='Master Score'!G38 | F40: X | G40: =IF($E40="","",IF(F40=$E40,1,0)) | H40: X | I40: =IF($E40="","",IF(H40=$E40,1,0)) | J40: 1 | K40: =IF($E40="","",IF(J40=$E40,1,0)) | L40: 1 | M40: =IF($E40="","",IF(L40=$E40,1,0)) | N40: 1 | O40: =IF($E40="","",IF(N40=$E40,1,0)) | Q40: Scotland
A41: 46194 | B41: H | C41: Spain | D41: Saudi Arabia | E41: ='Master Score'!G39 | F41: 1 | G41: =IF($E41="","",IF(F41=$E41,1,0)) | H41: 1 | I41: =IF($E41="","",IF(H41=$E41,1,0)) | J41: 1 | K41: =IF($E41="","",IF(J41=$E41,1,0)) | L41: 1 | M41: =IF($E41="","",IF(L41=$E41,1,0)) | N41: 1 | O41: =IF($E41="","",IF(N41=$E41,1,0)) | Q41: Australia
A42: 46194 | B42: H | C42: Uruguay | D42: Cabo Verde | E42: ='Master Score'!G40 | F42: 1 | G42: =IF($E42="","",IF(F42=$E42,1,0)) | H42: 1 | I42: =IF($E42="","",IF(H42=$E42,1,0)) | J42: 1 | K42: =IF($E42="","",IF(J42=$E42,1,0)) | L42: 1 | M42: =IF($E42="","",IF(L42=$E42,1,0)) | N42: 1 | O42: =IF($E42="","",IF(N42=$E42,1,0)) | Q42: Paraguay
A43: 46195 | B43: G | C43: New Zealand | D43: Egypt | E43: ='Master Score'!G41 | F43: X | G43: =IF($E43="","",IF(F43=$E43,1,0)) | H43: 2 | I43: =IF($E43="","",IF(H43=$E43,1,0)) | J43: 2 | K43: =IF($E43="","",IF(J43=$E43,1,0)) | L43: 2 | M43: =IF($E43="","",IF(L43=$E43,1,0)) | N43: 2 | O43: =IF($E43="","",IF(N43=$E43,1,0)) | Q43: Türkiye
A44: 46195 | B44: I | C44: France | D44: Iraq | E44: ='Master Score'!G42 | F44: 1 | G44: =IF($E44="","",IF(F44=$E44,1,0)) | H44: 1 | I44: =IF($E44="","",IF(H44=$E44,1,0)) | J44: 1 | K44: =IF($E44="","",IF(J44=$E44,1,0)) | L44: 1 | M44: =IF($E44="","",IF(L44=$E44,1,0)) | N44: 1 | O44: =IF($E44="","",IF(N44=$E44,1,0)) | Q44: USA
A45: 46195 | B45: J | C45: Argentina | D45: Austria | E45: ='Master Score'!G43 | F45: 1 | G45: =IF($E45="","",IF(F45=$E45,1,0)) | H45: X | I45: =IF($E45="","",IF(H45=$E45,1,0)) | J45: 1 | K45: =IF($E45="","",IF(J45=$E45,1,0)) | L45: 1 | M45: =IF($E45="","",IF(L45=$E45,1,0)) | N45: 1 | O45: =IF($E45="","",IF(N45=$E45,1,0)) | Q45: Curaçao
A46: 46196 | B46: I | C46: Norway | D46: Senegal | E46: ='Master Score'!G44 | F46: 2 | G46: =IF($E46="","",IF(F46=$E46,1,0)) | H46: 1 | I46: =IF($E46="","",IF(H46=$E46,1,0)) | J46: 2 | K46: =IF($E46="","",IF(J46=$E46,1,0)) | L46: X | M46: =IF($E46="","",IF(L46=$E46,1,0)) | N46: X | O46: =IF($E46="","",IF(N46=$E46,1,0)) | Q46: Côte d'Ivoire
A47: 46196 | B47: J | C47: Jordan | D47: Algeria | E47: ='Master Score'!G45 | F47: 2 | G47: =IF($E47="","",IF(F47=$E47,1,0)) | H47: 2 | I47: =IF($E47="","",IF(H47=$E47,1,0)) | J47: 2 | K47: =IF($E47="","",IF(J47=$E47,1,0)) | L47: 2 | M47: =IF($E47="","",IF(L47=$E47,1,0)) | N47: 2 | O47: =IF($E47="","",IF(N47=$E47,1,0)) | Q47: Ecuador
A48: 46196 | B48: K | C48: Portugal | D48: Uzbekistan | E48: ='Master Score'!G46 | F48: 1 | G48: =IF($E48="","",IF(F48=$E48,1,0)) | H48: 1 | I48: =IF($E48="","",IF(H48=$E48,1,0)) | J48: 1 | K48: =IF($E48="","",IF(J48=$E48,1,0)) | L48: 1 | M48: =IF($E48="","",IF(L48=$E48,1,0)) | N48: 1 | O48: =IF($E48="","",IF(N48=$E48,1,0)) | Q48: Germany
A49: 46196 | B49: L | C49: England | D49: Ghana | E49: ='Master Score'!G47 | F49: 1 | G49: =IF($E49="","",IF(F49=$E49,1,0)) | H49: X | I49: =IF($E49="","",IF(H49=$E49,1,0)) | J49: 1 | K49: =IF($E49="","",IF(J49=$E49,1,0)) | L49: 1 | M49: =IF($E49="","",IF(L49=$E49,1,0)) | N49: 1 | O49: =IF($E49="","",IF(N49=$E49,1,0)) | Q49: Japan
A50: 46197 | B50: K | C50: Colombia | D50: Congo DR | E50: ='Master Score'!G48 | F50: X | G50: =IF($E50="","",IF(F50=$E50,1,0)) | H50: X | I50: =IF($E50="","",IF(H50=$E50,1,0)) | J50: 1 | K50: =IF($E50="","",IF(J50=$E50,1,0)) | L50: 1 | M50: =IF($E50="","",IF(L50=$E50,1,0)) | N50: 1 | O50: =IF($E50="","",IF(N50=$E50,1,0)) | Q50: Netherlands
A51: 46197 | B51: L | C51: Panama | D51: Croatia | E51: ='Master Score'!G49 | F51: 2 | G51: =IF($E51="","",IF(F51=$E51,1,0)) | H51: 2 | I51: =IF($E51="","",IF(H51=$E51,1,0)) | J51: 2 | K51: =IF($E51="","",IF(J51=$E51,1,0)) | L51: 2 | M51: =IF($E51="","",IF(L51=$E51,1,0)) | N51: 2 | O51: =IF($E51="","",IF(N51=$E51,1,0)) | Q51: Sweden
A52: 46197 | B52: B | C52: Switzerland | D52: Canada | E52: ='Master Score'!G50 | F52: 1 | G52: =IF($E52="","",IF(F52=$E52,1,0)) | H52: X | I52: =IF($E52="","",IF(H52=$E52,1,0)) | J52: 1 | K52: =IF($E52="","",IF(J52=$E52,1,0)) | L52: 1 | M52: =IF($E52="","",IF(L52=$E52,1,0)) | N52: 1 | O52: =IF($E52="","",IF(N52=$E52,1,0)) | Q52: Tunisia
A53: 46197 | B53: B | C53: Bosnia and Herzegovina | D53: Qatar | E53: ='Master Score'!G51 | F53: X | G53: =IF($E53="","",IF(F53=$E53,1,0)) | H53: 1 | I53: =IF($E53="","",IF(H53=$E53,1,0)) | J53: 1 | K53: =IF($E53="","",IF(J53=$E53,1,0)) | L53: 1 | M53: =IF($E53="","",IF(L53=$E53,1,0)) | N53: 1 | O53: =IF($E53="","",IF(N53=$E53,1,0)) | Q53: Belgium
A54: 46197 | B54: C | C54: Scotland | D54: Brazil | E54: ='Master Score'!G52 | F54: X | G54: =IF($E54="","",IF(F54=$E54,1,0)) | H54: X | I54: =IF($E54="","",IF(H54=$E54,1,0)) | J54: 2 | K54: =IF($E54="","",IF(J54=$E54,1,0)) | L54: 2 | M54: =IF($E54="","",IF(L54=$E54,1,0)) | N54: 2 | O54: =IF($E54="","",IF(N54=$E54,1,0)) | Q54: Egypt
A55: 46197 | B55: C | C55: Morocco | D55: Haiti | E55: ='Master Score'!G53 | F55: 1 | G55: =IF($E55="","",IF(F55=$E55,1,0)) | H55: 1 | I55: =IF($E55="","",IF(H55=$E55,1,0)) | J55: 1 | K55: =IF($E55="","",IF(J55=$E55,1,0)) | L55: 1 | M55: =IF($E55="","",IF(L55=$E55,1,0)) | N55: 1 | O55: =IF($E55="","",IF(N55=$E55,1,0)) | Q55: IR Iran
A56: 46198 | B56: A | C56: Czechia | D56: Mexico | E56: ='Master Score'!G54 | F56: 2 | G56: =IF($E56="","",IF(F56=$E56,1,0)) | H56: X | I56: =IF($E56="","",IF(H56=$E56,1,0)) | J56: X | K56: =IF($E56="","",IF(J56=$E56,1,0)) | L56: 2 | M56: =IF($E56="","",IF(L56=$E56,1,0)) | N56: 2 | O56: =IF($E56="","",IF(N56=$E56,1,0)) | Q56: New Zealand
A57: 46198 | B57: A | C57: South Africa | D57: South Korea | E57: ='Master Score'!G55 | F57: 2 | G57: =IF($E57="","",IF(F57=$E57,1,0)) | H57: 2 | I57: =IF($E57="","",IF(H57=$E57,1,0)) | J57: 2 | K57: =IF($E57="","",IF(J57=$E57,1,0)) | L57: 2 | M57: =IF($E57="","",IF(L57=$E57,1,0)) | N57: 2 | O57: =IF($E57="","",IF(N57=$E57,1,0)) | Q57: Cabo Verde
A58: 46198 | B58: E | C58: Ecuador | D58: Germany | E58: ='Master Score'!G56 | F58: 2 | G58: =IF($E58="","",IF(F58=$E58,1,0)) | H58: X | I58: =IF($E58="","",IF(H58=$E58,1,0)) | J58: 2 | K58: =IF($E58="","",IF(J58=$E58,1,0)) | L58: 2 | M58: =IF($E58="","",IF(L58=$E58,1,0)) | N58: 2 | O58: =IF($E58="","",IF(N58=$E58,1,0)) | Q58: Saudi Arabia
A59: 46198 | B59: E | C59: Curaçao | D59: Côte d'Ivoire | E59: ='Master Score'!G57 | F59: 2 | G59: =IF($E59="","",IF(F59=$E59,1,0)) | H59: 2 | I59: =IF($E59="","",IF(H59=$E59,1,0)) | J59: 2 | K59: =IF($E59="","",IF(J59=$E59,1,0)) | L59: 2 | M59: =IF($E59="","",IF(L59=$E59,1,0)) | N59: 2 | O59: =IF($E59="","",IF(N59=$E59,1,0)) | Q59: Spain
A60: 46199 | B60: D | C60: Türkiye | D60: USA | E60: ='Master Score'!G58 | F60: X | G60: =IF($E60="","",IF(F60=$E60,1,0)) | H60: 1 | I60: =IF($E60="","",IF(H60=$E60,1,0)) | J60: X | K60: =IF($E60="","",IF(J60=$E60,1,0)) | L60: 1 | M60: =IF($E60="","",IF(L60=$E60,1,0)) | N60: 1 | O60: =IF($E60="","",IF(N60=$E60,1,0)) | Q60: Uruguay
A61: 46199 | B61: D | C61: Paraguay | D61: Australia | E61: ='Master Score'!G59 | F61: 2 | G61: =IF($E61="","",IF(F61=$E61,1,0)) | H61: X | I61: =IF($E61="","",IF(H61=$E61,1,0)) | J61: X | K61: =IF($E61="","",IF(J61=$E61,1,0)) | L61: X | M61: =IF($E61="","",IF(L61=$E61,1,0)) | N61: X | O61: =IF($E61="","",IF(N61=$E61,1,0)) | Q61: France
A62: 46199 | B62: F | C62: Tunisia | D62: Netherlands | E62: ='Master Score'!G60 | F62: 2 | G62: =IF($E62="","",IF(F62=$E62,1,0)) | H62: 2 | I62: =IF($E62="","",IF(H62=$E62,1,0)) | J62: 2 | K62: =IF($E62="","",IF(J62=$E62,1,0)) | L62: 2 | M62: =IF($E62="","",IF(L62=$E62,1,0)) | N62: 2 | O62: =IF($E62="","",IF(N62=$E62,1,0)) | Q62: Iraq
A63: 46199 | B63: F | C63: Japan | D63: Sweden | E63: ='Master Score'!G61 | F63: X | G63: =IF($E63="","",IF(F63=$E63,1,0)) | H63: 1 | I63: =IF($E63="","",IF(H63=$E63,1,0)) | J63: 1 | K63: =IF($E63="","",IF(J63=$E63,1,0)) | L63: 1 | M63: =IF($E63="","",IF(L63=$E63,1,0)) | N63: 1 | O63: =IF($E63="","",IF(N63=$E63,1,0)) | Q63: Norway
A64: 46199 | B64: I | C64: Norway | D64: France | E64: ='Master Score'!G62 | F64: 2 | G64: =IF($E64="","",IF(F64=$E64,1,0)) | H64: X | I64: =IF($E64="","",IF(H64=$E64,1,0)) | J64: 2 | K64: =IF($E64="","",IF(J64=$E64,1,0)) | L64: 2 | M64: =IF($E64="","",IF(L64=$E64,1,0)) | N64: 2 | O64: =IF($E64="","",IF(N64=$E64,1,0)) | Q64: Senegal
A65: 46199 | B65: I | C65: Senegal | D65: Iraq | E65: ='Master Score'!G63 | F65: 1 | G65: =IF($E65="","",IF(F65=$E65,1,0)) | H65: 1 | I65: =IF($E65="","",IF(H65=$E65,1,0)) | J65: 1 | K65: =IF($E65="","",IF(J65=$E65,1,0)) | L65: 1 | M65: =IF($E65="","",IF(L65=$E65,1,0)) | N65: 1 | O65: =IF($E65="","",IF(N65=$E65,1,0)) | Q65: Algeria
A66: 46200 | B66: G | C66: New Zealand | D66: Belgium | E66: ='Master Score'!G64 | F66: 2 | G66: =IF($E66="","",IF(F66=$E66,1,0)) | H66: 2 | I66: =IF($E66="","",IF(H66=$E66,1,0)) | J66: 2 | K66: =IF($E66="","",IF(J66=$E66,1,0)) | L66: 2 | M66: =IF($E66="","",IF(L66=$E66,1,0)) | N66: 2 | O66: =IF($E66="","",IF(N66=$E66,1,0)) | Q66: Argentina
A67: 46200 | B67: G | C67: Egypt | D67: IR Iran | E67: ='Master Score'!G65 | F67: X | G67: =IF($E67="","",IF(F67=$E67,1,0)) | H67: X | I67: =IF($E67="","",IF(H67=$E67,1,0)) | J67: X | K67: =IF($E67="","",IF(J67=$E67,1,0)) | L67: X | M67: =IF($E67="","",IF(L67=$E67,1,0)) | N67: 2 | O67: =IF($E67="","",IF(N67=$E67,1,0)) | Q67: Austria
A68: 46200 | B68: H | C68: Uruguay | D68: Spain | E68: ='Master Score'!G66 | F68: 2 | G68: =IF($E68="","",IF(F68=$E68,1,0)) | H68: 2 | I68: =IF($E68="","",IF(H68=$E68,1,0)) | J68: 2 | K68: =IF($E68="","",IF(J68=$E68,1,0)) | L68: 2 | M68: =IF($E68="","",IF(L68=$E68,1,0)) | N68: 2 | O68: =IF($E68="","",IF(N68=$E68,1,0)) | Q68: Jordan
A69: 46200 | B69: H | C69: Cabo Verde | D69: Saudi Arabia | E69: ='Master Score'!G67 | F69: 2 | G69: =IF($E69="","",IF(F69=$E69,1,0)) | H69: 2 | I69: =IF($E69="","",IF(H69=$E69,1,0)) | J69: X | K69: =IF($E69="","",IF(J69=$E69,1,0)) | L69: 2 | M69: =IF($E69="","",IF(L69=$E69,1,0)) | N69: 2 | O69: =IF($E69="","",IF(N69=$E69,1,0)) | Q69: Colombia
A70: 46200 | B70: L | C70: Panama | D70: England | E70: ='Master Score'!G68 | F70: 2 | G70: =IF($E70="","",IF(F70=$E70,1,0)) | H70: 2 | I70: =IF($E70="","",IF(H70=$E70,1,0)) | J70: 2 | K70: =IF($E70="","",IF(J70=$E70,1,0)) | L70: 2 | M70: =IF($E70="","",IF(L70=$E70,1,0)) | N70: 2 | O70: =IF($E70="","",IF(N70=$E70,1,0)) | Q70: Congo DR
A71: 46200 | B71: L | C71: Croatia | D71: Ghana | E71: ='Master Score'!G69 | F71: 1 | G71: =IF($E71="","",IF(F71=$E71,1,0)) | H71: 1 | I71: =IF($E71="","",IF(H71=$E71,1,0)) | J71: X | K71: =IF($E71="","",IF(J71=$E71,1,0)) | L71: 1 | M71: =IF($E71="","",IF(L71=$E71,1,0)) | N71: X | O71: =IF($E71="","",IF(N71=$E71,1,0)) | Q71: Portugal
A72: 46201 | B72: J | C72: Jordan | D72: Argentina | E72: ='Master Score'!G70 | F72: 2 | G72: =IF($E72="","",IF(F72=$E72,1,0)) | H72: 2 | I72: =IF($E72="","",IF(H72=$E72,1,0)) | J72: 2 | K72: =IF($E72="","",IF(J72=$E72,1,0)) | L72: 2 | M72: =IF($E72="","",IF(L72=$E72,1,0)) | N72: 2 | O72: =IF($E72="","",IF(N72=$E72,1,0)) | Q72: Uzbekistan
A73: 46201 | B73: J | C73: Algeria | D73: Austria | E73: ='Master Score'!G71 | F73: X | G73: =IF($E73="","",IF(F73=$E73,1,0)) | H73: 1 | I73: =IF($E73="","",IF(H73=$E73,1,0)) | J73: 1 | K73: =IF($E73="","",IF(J73=$E73,1,0)) | L73: X | M73: =IF($E73="","",IF(L73=$E73,1,0)) | N73: 2 | O73: =IF($E73="","",IF(N73=$E73,1,0)) | Q73: Croatia
A74: 46201 | B74: K | C74: Colombia | D74: Portugal | E74: ='Master Score'!G72 | F74: 2 | G74: =IF($E74="","",IF(F74=$E74,1,0)) | H74: X | I74: =IF($E74="","",IF(H74=$E74,1,0)) | J74: 2 | K74: =IF($E74="","",IF(J74=$E74,1,0)) | L74: 2 | M74: =IF($E74="","",IF(L74=$E74,1,0)) | N74: 2 | O74: =IF($E74="","",IF(N74=$E74,1,0)) | Q74: England
A75: 46201 | B75: K | C75: Congo DR | D75: Uzbekistan | E75: ='Master Score'!G73 | F75: 1 | G75: =IF($E75="","",IF(F75=$E75,1,0)) | H75: 1 | I75: =IF($E75="","",IF(H75=$E75,1,0)) | J75: X | K75: =IF($E75="","",IF(J75=$E75,1,0)) | L75: 1 | M75: =IF($E75="","",IF(L75=$E75,1,0)) | N75: 1 | O75: =IF($E75="","",IF(N75=$E75,1,0)) | Q75: Ghana
Q76: Panama
A77: % correct | G77: Points | I77: Points | K77: Points | M77: Points | O77: Points
C78: A | D78: 1st | E78: {='Master Score'!J2:J5} -> Mexico | F78: Mexico | G78: =IF(F78='Master Score'!$J$2,1,0) -> 1 | H78: Mexico | I78: =IF(H78='Master Score'!$J$2,1,0) -> 1 | J78: Mexico | K78: =IF(J78='Master Score'!$J$2,1,0) -> 1 | L78: Mexico | M78: =IF(L78='Master Score'!$J$2,1,0) -> 1 | N78: Mexico | O78: =IF(N78='Master Score'!$J$2,1,0) -> 1
C79: A | D79: 2nd | E79: South Korea | F79: South Korea | G79: =IF(F79='Master Score'!$J$3,1,0) -> 1 | H79: Czechia | I79: =IF(H79='Master Score'!$J$3,1,0) -> 0 | J79: South Korea | K79: =IF(J79='Master Score'!$J$3,1,0) -> 1 | L79: South Korea | M79: =IF(L79='Master Score'!$J$3,1,0) -> 1 | N79: South Korea | O79: =IF(N79='Master Score'!$J$3,1,0) -> 1
C80: A | D80: 3rd | E80: Czechia | F80: South Africa | G80: =IF(F80='Master Score'!$J$4,1,0) -> 0 | H80: South Korea | I80: =IF(H80='Master Score'!$J$4,1,0) -> 0 | J80: Czechia | K80: =IF(J80='Master Score'!$J$4,1,0) -> 1 | L80: South Korea | M80: =IF(L80='Master Score'!$J$4,1,0) -> 0 | N80: Czechia | O80: =IF(N80='Master Score'!$J$4,1,0) -> 1
C81: A | D81: 4th | E81: South Africa | F81: Czechia | G81: =IF(F81='Master Score'!$J$5,1,0) -> 0 | H81: South Africa | I81: =IF(H81='Master Score'!$J$5,1,0) -> 1 | J81: South Africa | K81: =IF(J81='Master Score'!$J$5,1,0) -> 1 | L81: South Africa | M81: =IF(L81='Master Score'!$J$5,1,0) -> 1 | N81: South Africa | O81: =IF(N81='Master Score'!$J$5,1,0) -> 1
C82: B | D82: 1st | E82: {='Master Score'!K2:K5} -> Bosnia and Herzegovina | F82: Switzerland | G82: =IF(F82='Master Score'!$K$2,1,0) -> 0 | H82: Switzerland | I82: =IF(H82='Master Score'!$K$2,1,0) -> 0 | J82: Switzerland | K82: =IF(J82='Master Score'!$K$2,1,0) -> 0 | L82: Switzerland | M82: =IF(L82='Master Score'!$K$2,1,0) -> 0 | N82: Switzerland | O82: =IF(N82='Master Score'!$K$2,1,0) -> 0
C83: B | D83: 2nd | E83: Canada | F83: Canada | G83: =IF(F83='Master Score'!$K$3,1,0) -> 1 | H83: Canada | I83: =IF(H83='Master Score'!$K$3,1,0) -> 1 | J83: Bosnia & Herzegovina | K83: =IF(J83='Master Score'!$K$3,1,0) -> 0 | L83: Canada | M83: =IF(L83='Master Score'!$K$3,1,0) -> 1 | N83: Canada | O83: =IF(N83='Master Score'!$K$3,1,0) -> 1
C84: B | D84: 3rd | E84: Qatar | F84: Bosnia & Herzegovina | G84: =IF(F84='Master Score'!$K$4,1,0) -> 0 | H84: Bosnia & Herzegovina | I84: =IF(H84='Master Score'!$K$4,1,0) -> 0 | J84: Canada | K84: =IF(J84='Master Score'!$K$4,1,0) -> 0 | L84: Canada | M84: =IF(L84='Master Score'!$K$4,1,0) -> 0 | N84: Bosnia & Herzegovina | O84: =IF(N84='Master Score'!$K$4,1,0) -> 0
C85: B | D85: 4th | E85: Switzerland | F85: Qatar | G85: =IF(F85='Master Score'!$K$5,1,0) -> 0 | H85: Qatar | I85: =IF(H85='Master Score'!$K$5,1,0) -> 0 | J85: Qatar | K85: =IF(J85='Master Score'!$K$5,1,0) -> 0 | L85: Qatar | M85: =IF(L85='Master Score'!$K$5,1,0) -> 0 | N85: Qatar | O85: =IF(N85='Master Score'!$K$5,1,0) -> 0
C86: C | D86: 1st | E86: {='Master Score'!L2:L5} -> Brazil | F86: Brazil | G86: =IF(F86='Master Score'!$L$2,1,0) -> 1 | H86: Morocco | I86: =IF(H86='Master Score'!$L$2,1,0) -> 0 | J86: Brazil | K86: =IF(J86='Master Score'!$L$2,1,0) -> 1 | L86: Brazil | M86: =IF(L86='Master Score'!$L$2,1,0) -> 1 | N86: Morocco | O86: =IF(N86='Master Score'!$L$2,1,0) -> 0
C87: C | D87: 2nd | E87: Haiti | F87: Scotland | G87: =IF(F87='Master Score'!$L$3,1,0) -> 0 | H87: Brazil | I87: =IF(H87='Master Score'!$L$3,1,0) -> 0 | J87: Morocco | K87: =IF(J87='Master Score'!$L$3,1,0) -> 0 | L87: Morocco | M87: =IF(L87='Master Score'!$L$3,1,0) -> 0 | N87: Brazil | O87: =IF(N87='Master Score'!$L$3,1,0) -> 0
C88: C | D88: 3rd | E88: Morocco | F88: Morocco | G88: =IF(F88='Master Score'!$L$4,1,0) -> 1 | H88: Scotland | I88: =IF(H88='Master Score'!$L$4,1,0) -> 0 | J88: Scotland | K88: =IF(J88='Master Score'!$L$4,1,0) -> 0 | L88: Scotland | M88: =IF(L88='Master Score'!$L$4,1,0) -> 0 | N88: Scotland | O88: =IF(N88='Master Score'!$L$4,1,0) -> 0
C89: C | D89: 4th | E89: Scotland | F89: Haiti | G89: =IF(F89='Master Score'!$L$5,1,0) -> 0 | H89: Haiti | I89: =IF(H89='Master Score'!$L$5,1,0) -> 0 | J89: Haiti | K89: =IF(J89='Master Score'!$L$5,1,0) -> 0 | L89: Haiti | M89: =IF(L89='Master Score'!$L$5,1,0) -> 0 | N89: Haiti | O89: =IF(N89='Master Score'!$L$5,1,0) -> 0
C90: D | D90: 1st | E90: {='Master Score'!M2:M5} -> Australia | F90: Türkiye | G90: =IF(F90='Master Score'!$M$2,1,0) -> 0 | H90: Türkiye | I90: =IF(H90='Master Score'!$M$2,1,0) -> 0 | J90: Türkiye | K90: =IF(J90='Master Score'!$M$2,1,0) -> 0 | L90: Türkiye | M90: =IF(L90='Master Score'!$M$2,1,0) -> 0 | N90: Türkiye | O90: =IF(N90='Master Score'!$M$2,1,0) -> 0
C91: D | D91: 2nd | E91: Paraguay | F91: USA | G91: =IF(F91='Master Score'!$M$3,1,0) -> 0 | H91: Paraguay | I91: =IF(H91='Master Score'!$M$3,1,0) -> 1 | J91: USA | K91: =IF(J91='Master Score'!$M$3,1,0) -> 0 | L91: USA | M91: =IF(L91='Master Score'!$M$3,1,0) -> 0 | N91: USA | O91: =IF(N91='Master Score'!$M$3,1,0) -> 0
C92: D | D92: 3rd | E92: Türkiye | F92: Australia | G92: =IF(F92='Master Score'!$M$4,1,0) -> 0 | H92: USA | I92: =IF(H92='Master Score'!$M$4,1,0) -> 0 | J92: Paraguay | K92: =IF(J92='Master Score'!$M$4,1,0) -> 0 | L92: Paraguay | M92: =IF(L92='Master Score'!$M$4,1,0) -> 0 | N92: Paraguay | O92: =IF(N92='Master Score'!$M$4,1,0) -> 0
C93: D | D93: 4th | E93: USA | F93: Paraguay | G93: =IF(F93='Master Score'!$M$5,1,0) -> 0 | H93: Australia | I93: =IF(H93='Master Score'!$M$5,1,0) -> 0 | J93: Australia | K93: =IF(J93='Master Score'!$M$5,1,0) -> 0 | L93: Australia | M93: =IF(L93='Master Score'!$M$5,1,0) -> 0 | N93: Australia | O93: =IF(N93='Master Score'!$M$5,1,0) -> 0
C94: E | D94: 1st | E94: {='Master Score'!N2:N5} -> Curaçao | F94: Germany | G94: =IF(F94='Master Score'!$N$2,1,0) -> 0 | H94: Germany | I94: =IF(H94='Master Score'!$N$2,1,0) -> 0 | J94: Germany | K94: =IF(J94='Master Score'!$N$2,1,0) -> 0 | L94: Germany | M94: =IF(L94='Master Score'!$N$2,1,0) -> 0 | N94: Germany | O94: =IF(N94='Master Score'!$N$2,1,0) -> 0
C95: E | D95: 2nd | E95: Côte d'Ivoire | F95: Côte d'Ivoire | G95: =IF(F95='Master Score'!$N$3,1,0) -> 1 | H95: Ecuador | I95: =IF(H95='Master Score'!$N$3,1,0) -> 0 | J95: Côte d'Ivoire | K95: =IF(J95='Master Score'!$N$3,1,0) -> 1 | L95: Côte d'Ivoire | M95: =IF(L95='Master Score'!$N$3,1,0) -> 1 | N95: Ecuador | O95: =IF(N95='Master Score'!$N$3,1,0) -> 0
C96: E | D96: 3rd | E96: Ecuador | F96: Curaçao | G96: =IF(F96='Master Score'!$N$4,1,0) -> 0 | H96: Côte d'Ivoire | I96: =IF(H96='Master Score'!$N$4,1,0) -> 0 | J96: Ecuador | K96: =IF(J96='Master Score'!$N$4,1,0) -> 1 | L96: Ecuador | M96: =IF(L96='Master Score'!$N$4,1,0) -> 1 | N96: Côte d'Ivoire | O96: =IF(N96='Master Score'!$N$4,1,0) -> 0
C97: E | D97: 4th | E97: Germany | F97: Ecuador | G97: =IF(F97='Master Score'!$N$5,1,0) -> 0 | H97: Curaçao | I97: =IF(H97='Master Score'!$N$5,1,0) -> 0 | J97: Curaçao | K97: =IF(J97='Master Score'!$N$5,1,0) -> 0 | L97: Curaçao | M97: =IF(L97='Master Score'!$N$5,1,0) -> 0 | N97: Curaçao | O97: =IF(N97='Master Score'!$N$5,1,0) -> 0
C98: F | D98: 1st | E98: {='Master Score'!O2:O5} -> Japan | F98: Netherlands | G98: =IF(F98='Master Score'!$O$2,1,0) -> 0 | H98: Netherlands | I98: =IF(H98='Master Score'!$O$2,1,0) -> 0 | J98: Netherlands | K98: =IF(J98='Master Score'!$O$2,1,0) -> 0 | L98: Netherlands | M98: =IF(L98='Master Score'!$O$2,1,0) -> 0 | N98: Netherlands | O98: =IF(N98='Master Score'!$O$2,1,0) -> 0
C99: F | D99: 2nd | E99: Netherlands | F99: Japan | G99: =IF(F99='Master Score'!$O$3,1,0) -> 0 | H99: Japan | I99: =IF(H99='Master Score'!$O$3,1,0) -> 0 | J99: Japan | K99: =IF(J99='Master Score'!$O$3,1,0) -> 0 | L99: Japan | M99: =IF(L99='Master Score'!$O$3,1,0) -> 0 | N99: Japan | O99: =IF(N99='Master Score'!$O$3,1,0) -> 0
C100: F | D100: 3rd | E100: Sweden | F100: Sweden | G100: =IF(F100='Master Score'!$O$4,1,0) -> 1 | H100: Tunisia | I100: =IF(H100='Master Score'!$O$4,1,0) -> 0 | J100: Sweden | K100: =IF(J100='Master Score'!$O$4,1,0) -> 1 | L100: Sweden | M100: =IF(L100='Master Score'!$O$4,1,0) -> 1 | N100: Tunisia | O100: =IF(N100='Master Score'!$O$4,1,0) -> 0
...

Sheet Leaderboard
A1: emailaddress | C1: Full Name | D1: First Name | E1: Surname | F1: Match Points | G1: Group Placement Points | H1: Total Points | I1: Tiebreaker | J1: Paid | K1: Accuracy | L1: Rank | M1: Name | N1: Points | P1: Games Played | Q1: Games Remaining | R1: Goals Scored | S1: =COUNTA(A2:B6) -> 5
A2: maob6302@gmail.com | C2: Matthew O'Brien | D2: {=_xlfn.TEXTSPLIT(C2," ")} -> Matthew | E2: O'Brien | F2: =Predictions!F3 -> 2 | G2: =Predictions!G3 -> 19 | H2: =SUM(F2:G2) -> 21 | I2: 270 | J2: TRUE | K2: =Stats!D2 -> 0.66666667 | L2: 1st | M2: {=IFERROR(INDEX(_xlfn.SORTBY($C$2:$C$6,$F$2:$F$6,-1),1),"")} -> Matthew O'Brien | N2: =IFERROR(_xlfn.XLOOKUP(M2,$C$2:$C$6,$F$2:$F$6),"") -> 2 | P2: =Stats!B2 -> 3 | Q2: =72-P2 -> 69 | R2: ='Master Score'!H74 -> 7
A3: Aarontwiss5@gmail.com | C3: Aaron Twiss | D3: {=IFERROR(_xlfn.TEXTSPLIT(C3," "),"")} -> Aaron | E3: Twiss | F3: =Predictions!H3 -> 2 | G3: =Predictions!I3 -> 12 | H3: =SUM(F3:G3) -> 14 | I3: 180 | J3: TRUE | K3: =Stats!D3 -> 0.66666667 | L3: 2nd | M3: {=IFERROR(INDEX(_xlfn.SORTBY($C$2:$C$6,$F$2:$F$6,-1),2),"")} -> Aaron Twiss | N3: =IFERROR(_xlfn.XLOOKUP(M3,$C$2:$C$6,$F$2:$F$6),"") -> 2
A4: arionaliu8@gmail.com | C4: Arion Aliu | D4: {=IFERROR(_xlfn.TEXTSPLIT(C4," "),"")} -> Arion | E4: Aliu | F4: =Predictions!J3 -> 2 | G4: =Predictions!K3 -> 19 | H4: =SUM(F4:G4) -> 21 | I4: 168 | J4: TRUE | K4: =Stats!D4 -> 0.66666667 | L4: 3rd | M4: {=IFERROR(INDEX(_xlfn.SORTBY($C$2:$C$6,$F$2:$F$6,-1),3),"")} -> Arion Aliu | N4: =IFERROR(_xlfn.XLOOKUP(M4,$C$2:$C$6,$F$2:$F$6),"") -> 2
A5: rayanzaibag18@gmail.com | C5: Rayan Zaibag | D5: {=IFERROR(_xlfn.TEXTSPLIT(C5," "),"")} -> Rayan | E5: Zaibag | F5: =Predictions!L3 -> 2 | G5: =Predictions!M3 -> 19 | H5: =SUM(F5:G5) -> 21 | I5: 180 | J5: TRUE | K5: =Stats!D5 -> 0.66666667 | L5: 4th | M5: {=IFERROR(INDEX(_xlfn.SORTBY($C$2:$C$6,$F$2:$F$6,-1),4),"")} -> Rayan Zaibag | N5: =IFERROR(_xlfn.XLOOKUP(M5,$C$2:$C$6,$F$2:$F$6),"") -> 2
A6: jorgecamarena79@gmail.com | C6: Jorge Lopez | D6: {=IFERROR(_xlfn.TEXTSPLIT(C6," "),"")} -> Jorge | E6: Lopez | F6: =Predictions!N3 -> 2 | G6: =Predictions!O3 -> 13 | H6: =SUM(F6:G6) -> 15 | I6: 197 | J6: TRUE | K6: =Stats!D6 -> 0.66666667 | L6: 5th | M6: {=IFERROR(INDEX(_xlfn.SORTBY($C$2:$C$6,$F$2:$F$6,-1),5),"")} -> Jorge Lopez | N6: =IFERROR(_xlfn.XLOOKUP(M6,$C$2:$C$6,$F$2:$F$6),"") -> 2

Sheet Stats
A1: Player | B1: Matches Played | C1: Correct Predictions | D1: Accuracy % | E1: Points Per Match | F1: Consistency (StDev) | G1: Variance | H1: Weight | I1: Z-Score | J1: Risk Rating | K1: Player Reliability Index | L1: Contrarian % | M1: Date | N1: Group | O1: Home | P1: Away | Q1: 1 | R1: 2 | S1: X | T1: Consensus Result | U1: =Predictions!F1 -> Matthew O'Brien | V1: =Predictions!H1 -> Aaron Twiss | W1: =IF(Predictions!J1=0,"",Predictions!J1) -> Arion Aliu | X1: =Predictions!L1 -> Rayan Zaibag | Y1: =Predictions!N1 -> Jorge Lopez
A2: =IF(Leaderboard!C2="","",Leaderboard!C2) -> Matthew O'Brien | B2: =COUNT('Master Score'!$G$2:$G$73)+COUNTIF('Master Score'!$G$2:$G$73,"X") -> 3 | C2: =Leaderboard!F2 -> 2 | D2: =IF(B2>0,C2/B2,0) -> 0.66666667 | E2: =IF(B2>0,C2/B2,0) -> 0.66666667 | F2: {=IF(A2="","",IFERROR(_xlfn.STDEV.P(IF(Predictions!F$4:F$75<>"",IF(Predictions!F$4:F$75='Master Score'!$G$2:$G$73,1,0))),0))} -> 0.16433555 | G2: =IF(A2="","",IFERROR(F2^2,0)) -> 0.027006173 | H2: {=IF(A2="","",IFERROR((D2/(1+G2))/SUMPRODUCT(($A$2:$A$20<>"")*($D$2:$D$20/(1+$G$2:$G$20))),0))} -> 0.2 | I2: {=IF(A2="","",IFERROR((D2-AVERAGEIF($A$2:$A$20,"<>",$D$2:$D$20))/_xlfn.STDEV.P(IF($A$2:$A$20<>"",$D$2:$D$20)),0))} -> 0 | J2: =IF(A2="","",ROUND((L2*25)+((1-D2)*30)+(G2*25)+((1-MIN(1,MAX(0,(I2+2)/4)))*20),1)) -> 34.2 | K2: =IF(A2="","",IFERROR(D2*100*(1-F2),0)) -> 55.710963 | L2: {=IF(A2="","",IFERROR(SUMPRODUCT((U$2:U$73<>"")*1*(U$2:U$73<>_xlfn.MODE.SNGL(U$2:Y$73)))/COUNTA(U$2:U$73),0))} -> 0.54166667 | M2: 46184 | N2: A | O2: Mexico | P2: South Africa | Q2: =IFERROR(COUNTIF(U2:Y2,1)/(COUNT(U2:Y2)+COUNTIF(U2:Y2,"X")),0) -> 1 | R2: =IFERROR(COUNTIF(U2:Y2,2)/(COUNT(U2:Y2)+COUNTIF(U2:Y2,"X")),0) -> 0 | S2: =IFERROR(COUNTIF(U2:Y2,"X")/(COUNT(U2:Y2)+COUNTIF(U2:Y2,"X")),0) -> 0 | T2: =IF(_xlfn.XLOOKUP(MAX(Q2:S2),Q2:S2,$Q$1:$S$1)='Master Score'!G2,1,0) -> 1 | U2: {=Predictions!F4:F75} -> 1 | V2: {=Predictions!H4:H75} -> 1 | W2: {=IF(Predictions!J4:J75=0,"",Predictions!J4:J75)} -> 1 | X2: {=IF(Predictions!L4:L75=0,"",Predictions!L4:L75)} -> 1 | Y2: {=IF(Predictions!N4:N75="","",Predictions!N4:N75)} -> 1 | AV2: {=IF(Predictions!P4:P75="","",Predictions!P4:P75)} | AW2: {=IF(Predictions!Q4:Q28="","",Predictions!Q4:Q28)} | AX2: {=IF(Predictions!R4:R75="","",Predictions!R4:R75)} | AY2: {=IF(Predictions!S4:S75="","",Predictions!S4:S75)} | AZ2: {=IF(Predictions!T4:T75="","",Predictions!T4:T75)} | BA2: {=IF(Predictions!U4:U75="","",Predictions!U4:U75)} | BB2: {=IF(Predictions!V4:V75="","",Predictions!V4:V75)} | BC2: {=IF(Predictions!W4:W75="","",Predictions!W4:W75)} | BD2: {=IF(Predictions!X4:X75="","",Predictions!X4:X75)} | BE2: {=IF(Predictions!Y4:Y75="","",Predictions!Y4:Y75)} | ... BM2: {=IF(Predictions!AG4:AG75="","",Predictions!AG4:AG75)}
A3: =IF(Leaderboard!C3="","",Leaderboard!C3) -> Aaron Twiss | B3: =COUNT('Master Score'!$G$2:$G$73)+COUNTIF('Master Score'!$G$2:$G$73,"X") -> 3 | C3: =Leaderboard!F3 -> 2 | D3: =IFERROR(C3/B3,0) -> 0.66666667 | E3: =IFERROR(C3/B3,0) -> 0.66666667 | F3: {=IF(A3="","",IFERROR(_xlfn.STDEV.P(IF(Predictions!H$4:H$75<>"",IF(Predictions!H$4:H$75='Master Score'!$G$2:$G$73,1,0))),0))} -> 0.16433555 | G3: =IF(A3="","",IFERROR(F3^2,0)) -> 0.027006173 | H3: {=IF(A3="","",IFERROR((D3/(1+G3))/SUMPRODUCT(($A$2:$A$20<>"")*($D$2:$D$20/(1+$G$2:$G$20))),0))} -> 0.2 | I3: {=IF(A3="","",IFERROR((D3-AVERAGEIF($A$2:$A$20,"<>",$D$2:$D$20))/_xlfn.STDEV.P(IF($A$2:$A$20<>"",$D$2:$D$20)),0))} -> 0 | J3: =IF(A3="","",ROUND((L3*25)+((1-D3)*30)+(G3*25)+((1-MIN(1,MAX(0,(I3+2)/4)))*20),1)) -> 33.9 | K3: =IF(A3="","",IFERROR(D3*100*(1-F3),0)) -> 55.710963 | L3: {=IF(A3="","",IFERROR(SUMPRODUCT((V$2:V$73<>"")*1*(V$2:V$73<>_xlfn.MODE.SNGL(U$2:Y$73)))/COUNTA(V$2:V$73),0))} -> 0.52777778 | M3: 46185 | N3: A | O3: South Korea | P3: Czechia | Q3: =IFERROR(COUNTIF(U3:Y3,1)/(COUNT(U3:Y3)+COUNTIF(U3:Y3,"X")),0) -> 0.6 | R3: =IFERROR(COUNTIF(U3:Y3,2)/(COUNT(U3:Y3)+COUNTIF(U3:Y3,"X")),0) -> 0 | S3: =IFERROR(COUNTIF(U3:Y3,"X")/(COUNT(U3:Y3)+COUNTIF(U3:Y3,"X")),0) -> 0.4 | T3: =IF(_xlfn.XLOOKUP(MAX(Q3:S3),Q3:S3,$Q$1:$S$1)='Master Score'!G3,1,0) -> 1 | U3: 1 | V3: X | W3: 1 | X3: X | Y3: 1
A4: =IF(Leaderboard!C4="","",Leaderboard!C4) -> Arion Aliu | B4: =COUNT('Master Score'!$G$2:$G$73)+COUNTIF('Master Score'!$G$2:$G$73,"X") -> 3 | C4: =Leaderboard!F4 -> 2 | D4: =IFERROR(C4/B4,0) -> 0.66666667 | E4: =IFERROR(C4/B4,0) -> 0.66666667 | F4: {=IF(A4="","",IFERROR(_xlfn.STDEV.P(IF(Predictions!J$4:J$75<>"",IF(Predictions!J$4:J$75='Master Score'!$G$2:$G$73,1,0))),0))} -> 0.16433555 | G4: =IF(A4="","",IFERROR(F4^2,0)) -> 0.027006173 | H4: {=IF(A4="","",IFERROR((D4/(1+G4))/SUMPRODUCT(($A$2:$A$20<>"")*($D$2:$D$20/(1+$G$2:$G$20))),0))} -> 0.2 | I4: {=IF(A4="","",IFERROR((D4-AVERAGEIF($A$2:$A$20,"<>",$D$2:$D$20))/_xlfn.STDEV.P(IF($A$2:$A$20<>"",$D$2:$D$20)),0))} -> 0 | J4: =IF(A4="","",ROUND((L4*25)+((1-D4)*30)+(G4*25)+((1-MIN(1,MAX(0,(I4+2)/4)))*20),1)) -> 32.8 | K4: =IF(A4="","",IFERROR(D4*100*(1-F4),0)) -> 55.710963 | L4: {=IF(A4="","",IFERROR(SUMPRODUCT((W$2:W$73<>"")*1*(W$2:W$73<>_xlfn.MODE.SNGL(U$2:Y$73)))/COUNTA(W$2:W$73),0))} -> 0.48611111 | M4: 46185 | N4: B | O4: Canada | P4: Bosnia and Herzegovina | Q4: =IFERROR(COUNTIF(U4:Y4,1)/(COUNT(U4:Y4)+COUNTIF(U4:Y4,"X")),0) -> 0.4 | R4: =IFERROR(COUNTIF(U4:Y4,2)/(COUNT(U4:Y4)+COUNTIF(U4:Y4,"X")),0) -> 0.2 | S4: =IFERROR(COUNTIF(U4:Y4,"X")/(COUNT(U4:Y4)+COUNTIF(U4:Y4,"X")),0) -> 0.4 | T4: =IF(_xlfn.XLOOKUP(MAX(Q4:S4),Q4:S4,$Q$1:$S$1)='Master Score'!G4,1,0) -> 0 | U4: 1 | V4: X | W4: 2 | X4: X | Y4: 1
A5: =IF(Leaderboard!C5="","",Leaderboard!C5) -> Rayan Zaibag | B5: =COUNT('Master Score'!$G$2:$G$73)+COUNTIF('Master Score'!$G$2:$G$73,"X") -> 3 | C5: =Leaderboard!F5 -> 2 | D5: =IFERROR(C5/B5,0) -> 0.66666667 | E5: =IFERROR(C5/B5,0) -> 0.66666667 | F5: {=IF(A5="","",IFERROR(_xlfn.STDEV.P(IF(Predictions!L$4:L$75<>"",IF(Predictions!L$4:L$75='Master Score'!$G$2:$G$73,1,0))),0))} -> 0.16433555 | G5: =IF(A5="","",IFERROR(F5^2,0)) -> 0.027006173 | H5: {=IF(A5="","",IFERROR((D5/(1+G5))/SUMPRODUCT(($A$2:$A$20<>"")*($D$2:$D$20/(1+$G$2:$G$20))),0))} -> 0.2 | I5: {=IF(A5="","",IFERROR((D5-AVERAGEIF($A$2:$A$20,"<>",$D$2:$D$20))/_xlfn.STDEV.P(IF($A$2:$A$20<>"",$D$2:$D$20)),0))} -> 0 | J5: =IF(A5="","",ROUND((L5*25)+((1-D5)*30)+(G5*25)+((1-MIN(1,MAX(0,(I5+2)/4)))*20),1)) -> 32.5 | K5: =IF(A5="","",IFERROR(D5*100*(1-F5),0)) -> 55.710963 | L5: {=IF(A5="","",IFERROR(SUMPRODUCT((X$2:X$73<>"")*1*(X$2:X$73<>_xlfn.MODE.SNGL(U$2:Y$73)))/COUNTA(X$2:X$73),0))} -> 0.47222222 | M5: 46186 | N5: D | O5: USA | P5: Paraguay | Q5: =IFERROR(COUNTIF(U5:Y5,1)/(COUNT(U5:Y5)+COUNTIF(U5:Y5,"X")),0) -> 0.8 | R5: =IFERROR(COUNTIF(U5:Y5,2)/(COUNT(U5:Y5)+COUNTIF(U5:Y5,"X")),0) -> 0.2 | S5: =IFERROR(COUNTIF(U5:Y5,"X")/(COUNT(U5:Y5)+COUNTIF(U5:Y5,"X")),0) -> 0 | T5: =IF(_xlfn.XLOOKUP(MAX(Q5:S5),Q5:S5,$Q$1:$S$1)='Master Score'!G5,1,0) -> 0 | U5: 1 | V5: 2 | W5: 1 | X5: 1 | Y5: 1
A6: =IF(Leaderboard!C6="","",Leaderboard!C6) -> Jorge Lopez | B6: =COUNT('Master Score'!$G$2:$G$73)+COUNTIF('Master Score'!$G$2:$G$73,"X") -> 3 | C6: =Leaderboard!F6 -> 2 | D6: =IFERROR(C6/B6,0) -> 0.66666667 | E6: =IFERROR(C6/B6,0) -> 0.66666667 | F6: {=IF(A6="","",IFERROR(_xlfn.STDEV.P(IF(Predictions!N$4:N$75<>"",IF(Predictions!N$4:N$75='Master Score'!$G$2:$G$73,1,0))),0))} -> 0.16433555 | G6: =IF(A6="","",IFERROR(F6^2,0)) -> 0.027006173 | H6: {=IF(A6="","",IFERROR((D6/(1+G6))/SUMPRODUCT(($A$2:$A$20<>"")*($D$2:$D$20/(1+$G$2:$G$20))),0))} -> 0.2 | I6: {=IF(A6="","",IFERROR((D6-AVERAGEIF($A$2:$A$20,"<>",$D$2:$D$20))/_xlfn.STDEV.P(IF($A$2:$A$20<>"",$D$2:$D$20)),0))} -> 0 | J6: =IF(A6="","",ROUND((L6*25)+((1-D6)*30)+(G6*25)+((1-MIN(1,MAX(0,(I6+2)/4)))*20),1)) -> 31.8 | K6: =IF(A6="","",IFERROR(D6*100*(1-F6),0)) -> 55.710963 | L6: {=IF(A6="","",IFERROR(SUMPRODUCT((Y$2:Y$73<>"")*1*(Y$2:Y$73<>_xlfn.MODE.SNGL(U$2:Y$73)))/COUNTA(Y$2:Y$73),0))} -> 0.44444444 | M6: 46186 | N6: B | O6: Qatar | P6: Switzerland | Q6: =IFERROR(COUNTIF(U6:Y6,1)/(COUNT(U6:Y6)+COUNTIF(U6:Y6,"X")),0) -> 0 | R6: =IFERROR(COUNTIF(U6:Y6,2)/(COUNT(U6:Y6)+COUNTIF(U6:Y6,"X")),0) -> 1 | S6: =IFERROR(COUNTIF(U6:Y6,"X")/(COUNT(U6:Y6)+COUNTIF(U6:Y6,"X")),0) -> 0 | T6: =IF(_xlfn.XLOOKUP(MAX(Q6:S6),Q6:S6,$Q$1:$S$1)='Master Score'!G6,1,0) -> 0 | U6: 2 | V6: 2 | W6: 2 | X6: 2 | Y6: 2
M7: 46186 | N7: C | O7: Brazil | P7: Morocco | Q7: =IFERROR(COUNTIF(U7:Y7,1)/(COUNT(U7:Y7)+COUNTIF(U7:Y7,"X")),0) -> 0.8 | R7: =IFERROR(COUNTIF(U7:Y7,2)/(COUNT(U7:Y7)+COUNTIF(U7:Y7,"X")),0) -> 0.2 | S7: =IFERROR(COUNTIF(U7:Y7,"X")/(COUNT(U7:Y7)+COUNTIF(U7:Y7,"X")),0) -> 0 | T7: =IF(_xlfn.XLOOKUP(MAX(Q7:S7),Q7:S7,$Q$1:$S$1)='Master Score'!G7,1,0) -> 0 | U7: 1 | V7: 2 | W7: 1 | X7: 1 | Y7: 1
M8: 46187 | N8: C | O8: Haiti | P8: Scotland | Q8: =IFERROR(COUNTIF(U8:Y8,1)/(COUNT(U8:Y8)+COUNTIF(U8:Y8,"X")),0) -> 0 | R8: =IFERROR(COUNTIF(U8:Y8,2)/(COUNT(U8:Y8)+COUNTIF(U8:Y8,"X")),0) -> 1 | S8: =IFERROR(COUNTIF(U8:Y8,"X")/(COUNT(U8:Y8)+COUNTIF(U8:Y8,"X")),0) -> 0 | T8: =IF(_xlfn.XLOOKUP(MAX(Q8:S8),Q8:S8,$Q$1:$S$1)='Master Score'!G8,1,0) -> 0 | U8: 2 | V8: 2 | W8: 2 | X8: 2 | Y8: 2
M9: 46187 | N9: D | O9: Australia | P9: Türkiye | Q9: =IFERROR(COUNTIF(U9:Y9,1)/(COUNT(U9:Y9)+COUNTIF(U9:Y9,"X")),0) -> 0 | R9: =IFERROR(COUNTIF(U9:Y9,2)/(COUNT(U9:Y9)+COUNTIF(U9:Y9,"X")),0) -> 1 | S9: =IFERROR(COUNTIF(U9:Y9,"X")/(COUNT(U9:Y9)+COUNTIF(U9:Y9,"X")),0) -> 0 | T9: =IF(_xlfn.XLOOKUP(MAX(Q9:S9),Q9:S9,$Q$1:$S$1)='Master Score'!G9,1,0) -> 0 | U9: 2 | V9: 2 | W9: 2 | X9: 2 | Y9: 2
M10: 46187 | N10: E | O10: Germany | P10: Curaçao | Q10: =IFERROR(COUNTIF(U10:Y10,1)/(COUNT(U10:Y10)+COUNTIF(U10:Y10,"X")),0) -> 1 | R10: =IFERROR(COUNTIF(U10:Y10,2)/(COUNT(U10:Y10)+COUNTIF(U10:Y10,"X")),0) -> 0 | S10: =IFERROR(COUNTIF(U10:Y10,"X")/(COUNT(U10:Y10)+COUNTIF(U10:Y10,"X")),0) -> 0 | T10: =IF(_xlfn.XLOOKUP(MAX(Q10:S10),Q10:S10,$Q$1:$S$1)='Master Score'!G10,1,0) -> 0 | U10: 1 | V10: 1 | W10: 1 | X10: 1 | Y10: 1
M11: 46187 | N11: F | O11: Netherlands | P11: Japan | Q11: =IFERROR(COUNTIF(U11:Y11,1)/(COUNT(U11:Y11)+COUNTIF(U11:Y11,"X")),0) -> 0.4 | R11: =IFERROR(COUNTIF(U11:Y11,2)/(COUNT(U11:Y11)+COUNTIF(U11:Y11,"X")),0) -> 0 | S11: =IFERROR(COUNTIF(U11:Y11,"X")/(COUNT(U11:Y11)+COUNTIF(U11:Y11,"X")),0) -> 0.6 | T11: =IF(_xlfn.XLOOKUP(MAX(Q11:S11),Q11:S11,$Q$1:$S$1)='Master Score'!G11,1,0) -> 0 | U11: X | V11: 1 | W11: 1 | X11: X | Y11: X
M12: 46188 | N12: E | O12: Côte d'Ivoire | P12: Ecuador | Q12: =IFERROR(COUNTIF(U12:Y12,1)/(COUNT(U12:Y12)+COUNTIF(U12:Y12,"X")),0) -> 0.4 | R12: =IFERROR(COUNTIF(U12:Y12,2)/(COUNT(U12:Y12)+COUNTIF(U12:Y12,"X")),0) -> 0.2 | S12: =IFERROR(COUNTIF(U12:Y12,"X")/(COUNT(U12:Y12)+COUNTIF(U12:Y12,"X")),0) -> 0.4 | T12: =IF(_xlfn.XLOOKUP(MAX(Q12:S12),Q12:S12,$Q$1:$S$1)='Master Score'!G12,1,0) -> 0 | U12: 1 | V12: X | W12: 1 | X12: X | Y12: 2
M13: 46188 | N13: F | O13: Sweden | P13: Tunisia | Q13: =IFERROR(COUNTIF(U13:Y13,1)/(COUNT(U13:Y13)+COUNTIF(U13:Y13,"X")),0) -> 0.6 | R13: =IFERROR(COUNTIF(U13:Y13,2)/(COUNT(U13:Y13)+COUNTIF(U13:Y13,"X")),0) -> 0.2 | S13: =IFERROR(COUNTIF(U13:Y13,"X")/(COUNT(U13:Y13)+COUNTIF(U13:Y13,"X")),0) -> 0.2 | T13: =IF(_xlfn.XLOOKUP(MAX(Q13:S13),Q13:S13,$Q$1:$S$1)='Master Score'!G13,1,0) -> 0 | U13: 1 | V13: X | W13: 1 | X13: 1 | Y13: 2
M14: 46188 | N14: G | O14: Belgium | P14: Egypt | Q14: =IFERROR(COUNTIF(U14:Y14,1)/(COUNT(U14:Y14)+COUNTIF(U14:Y14,"X")),0) -> 1 | R14: =IFERROR(COUNTIF(U14:Y14,2)/(COUNT(U14:Y14)+COUNTIF(U14:Y14,"X")),0) -> 0 | S14: =IFERROR(COUNTIF(U14:Y14,"X")/(COUNT(U14:Y14)+COUNTIF(U14:Y14,"X")),0) -> 0 | T14: =IF(_xlfn.XLOOKUP(MAX(Q14:S14),Q14:S14,$Q$1:$S$1)='Master Score'!G14,1,0) -> 0 | U14: 1 | V14: 1 | W14: 1 | X14: 1 | Y14: 1
M15: 46188 | N15: H | O15: Spain | P15: Cabo Verde | Q15: =IFERROR(COUNTIF(U15:Y15,1)/(COUNT(U15:Y15)+COUNTIF(U15:Y15,"X")),0) -> 1 | R15: =IFERROR(COUNTIF(U15:Y15,2)/(COUNT(U15:Y15)+COUNTIF(U15:Y15,"X")),0) -> 0 | S15: =IFERROR(COUNTIF(U15:Y15,"X")/(COUNT(U15:Y15)+COUNTIF(U15:Y15,"X")),0) -> 0 | T15: =IF(_xlfn.XLOOKUP(MAX(Q15:S15),Q15:S15,$Q$1:$S$1)='Master Score'!G15,1,0) -> 0 | U15: 1 | V15: 1 | W15: 1 | X15: 1 | Y15: 1
M16: 46188 | N16: H | O16: Saudi Arabia | P16: Uruguay | Q16: =IFERROR(COUNTIF(U16:Y16,1)/(COUNT(U16:Y16)+COUNTIF(U16:Y16,"X")),0) -> 0 | R16: =IFERROR(COUNTIF(U16:Y16,2)/(COUNT(U16:Y16)+COUNTIF(U16:Y16,"X")),0) -> 1 | S16: =IFERROR(COUNTIF(U16:Y16,"X")/(COUNT(U16:Y16)+COUNTIF(U16:Y16,"X")),0) -> 0 | T16: =IF(_xlfn.XLOOKUP(MAX(Q16:S16),Q16:S16,$Q$1:$S$1)='Master Score'!G16,1,0) -> 0 | U16: 2 | V16: 2 | W16: 2 | X16: 2 | Y16: 2
M17: 46189 | N17: G | O17: IR Iran | P17: New Zealand | Q17: =IFERROR(COUNTIF(U17:Y17,1)/(COUNT(U17:Y17)+COUNTIF(U17:Y17,"X")),0) -> 0.6 | R17: =IFERROR(COUNTIF(U17:Y17,2)/(COUNT(U17:Y17)+COUNTIF(U17:Y17,"X")),0) -> 0.2 | S17: =IFERROR(COUNTIF(U17:Y17,"X")/(COUNT(U17:Y17)+COUNTIF(U17:Y17,"X")),0) -> 0.2 | T17: =IF(_xlfn.XLOOKUP(MAX(Q17:S17),Q17:S17,$Q$1:$S$1)='Master Score'!G17,1,0) -> 0 | U17: X | V17: 1 | W17: 2 | X17: 1 | Y17: 1
M18: 46189 | N18: I | O18: France | P18: Senegal | Q18: =IFERROR(COUNTIF(U18:Y18,1)/(COUNT(U18:Y18)+COUNTIF(U18:Y18,"X")),0) -> 1 | R18: =IFERROR(COUNTIF(U18:Y18,2)/(COUNT(U18:Y18)+COUNTIF(U18:Y18,"X")),0) -> 0 | S18: =IFERROR(COUNTIF(U18:Y18,"X")/(COUNT(U18:Y18)+COUNTIF(U18:Y18,"X")),0) -> 0 | T18: =IF(_xlfn.XLOOKUP(MAX(Q18:S18),Q18:S18,$Q$1:$S$1)='Master Score'!G18,1,0) -> 0 | U18: 1 | V18: 1 | W18: 1 | X18: 1 | Y18: 1
M19: 46189 | N19: I | O19: Iraq | P19: Norway | Q19: =IFERROR(COUNTIF(U19:Y19,1)/(COUNT(U19:Y19)+COUNTIF(U19:Y19,"X")),0) -> 0 | R19: =IFERROR(COUNTIF(U19:Y19,2)/(COUNT(U19:Y19)+COUNTIF(U19:Y19,"X")),0) -> 1 | S19: =IFERROR(COUNTIF(U19:Y19,"X")/(COUNT(U19:Y19)+COUNTIF(U19:Y19,"X")),0) -> 0 | T19: =IF(_xlfn.XLOOKUP(MAX(Q19:S19),Q19:S19,$Q$1:$S$1)='Master Score'!G19,1,0) -> 0 | U19: 2 | V19: 2 | W19: 2 | X19: 2 | Y19: 2
M20: 46190 | N20: J | O20: Argentina | P20: Algeria | Q20: =IFERROR(COUNTIF(U20:Y20,1)/(COUNT(U20:Y20)+COUNTIF(U20:Y20,"X")),0) -> 1 | R20: =IFERROR(COUNTIF(U20:Y20,2)/(COUNT(U20:Y20)+COUNTIF(U20:Y20,"X")),0) -> 0 | S20: =IFERROR(COUNTIF(U20:Y20,"X")/(COUNT(U20:Y20)+COUNTIF(U20:Y20,"X")),0) -> 0 | T20: =IF(_xlfn.XLOOKUP(MAX(Q20:S20),Q20:S20,$Q$1:$S$1)='Master Score'!G20,1,0) -> 0 | U20: 1 | V20: 1 | W20: 1 | X20: 1 | Y20: 1
M21: 46190 | N21: J | O21: Austria | P21: Jordan | Q21: =IFERROR(COUNTIF(U21:Y21,1)/(COUNT(U21:Y21)+COUNTIF(U21:Y21,"X")),0) -> 1 | R21: =IFERROR(COUNTIF(U21:Y21,2)/(COUNT(U21:Y21)+COUNTIF(U21:Y21,"X")),0) -> 0 | S21: =IFERROR(COUNTIF(U21:Y21,"X")/(COUNT(U21:Y21)+COUNTIF(U21:Y21,"X")),0) -> 0 | T21: =IF(_xlfn.XLOOKUP(MAX(Q21:S21),Q21:S21,$Q$1:$S$1)='Master Score'!G21,1,0) -> 0 | U21: 1 | V21: 1 | W21: 1 | X21: 1 | Y21: 1
M22: 46190 | N22: K | O22: Portugal | P22: Congo DR | Q22: =IFERROR(COUNTIF(U22:Y22,1)/(COUNT(U22:Y22)+COUNTIF(U22:Y22,"X")),0) -> 1 | R22: =IFERROR(COUNTIF(U22:Y22,2)/(COUNT(U22:Y22)+COUNTIF(U22:Y22,"X")),0) -> 0 | S22: =IFERROR(COUNTIF(U22:Y22,"X")/(COUNT(U22:Y22)+COUNTIF(U22:Y22,"X")),0) -> 0 | T22: =IF(_xlfn.XLOOKUP(MAX(Q22:S22),Q22:S22,$Q$1:$S$1)='Master Score'!G22,1,0) -> 0 | U22: 1 | V22: 1 | W22: 1 | X22: 1 | Y22: 1
M23: 46190 | N23: L | O23: England | P23: Croatia | Q23: =IFERROR(COUNTIF(U23:Y23,1)/(COUNT(U23:Y23)+COUNTIF(U23:Y23,"X")),0) -> 0.6 | R23: =IFERROR(COUNTIF(U23:Y23,2)/(COUNT(U23:Y23)+COUNTIF(U23:Y23,"X")),0) -> 0 | S23: =IFERROR(COUNTIF(U23:Y23,"X")/(COUNT(U23:Y23)+COUNTIF(U23:Y23,"X")),0) -> 0.4 | T23: =IF(_xlfn.XLOOKUP(MAX(Q23:S23),Q23:S23,$Q$1:$S$1)='Master Score'!G23,1,0) -> 0 | U23: X | V23: 1 | W23: 1 | X23: X | Y23: 1
M24: 46191 | N24: K | O24: Uzbekistan | P24: Colombia | Q24: =IFERROR(COUNTIF(U24:Y24,1)/(COUNT(U24:Y24)+COUNTIF(U24:Y24,"X")),0) -> 0 | R24: =IFERROR(COUNTIF(U24:Y24,2)/(COUNT(U24:Y24)+COUNTIF(U24:Y24,"X")),0) -> 1 | S24: =IFERROR(COUNTIF(U24:Y24,"X")/(COUNT(U24:Y24)+COUNTIF(U24:Y24,"X")),0) -> 0 | T24: =IF(_xlfn.XLOOKUP(MAX(Q24:S24),Q24:S24,$Q$1:$S$1)='Master Score'!G24,1,0) -> 0 | U24: 2 | V24: 2 | W24: 2 | X24: 2 | Y24: 2
M25: 46191 | N25: L | O25: Ghana | P25: Panama | Q25: =IFERROR(COUNTIF(U25:Y25,1)/(COUNT(U25:Y25)+COUNTIF(U25:Y25,"X")),0) -> 0.6 | R25: =IFERROR(COUNTIF(U25:Y25,2)/(COUNT(U25:Y25)+COUNTIF(U25:Y25,"X")),0) -> 0 | S25: =IFERROR(COUNTIF(U25:Y25,"X")/(COUNT(U25:Y25)+COUNTIF(U25:Y25,"X")),0) -> 0.4 | T25: =IF(_xlfn.XLOOKUP(MAX(Q25:S25),Q25:S25,$Q$1:$S$1)='Master Score'!G25,1,0) -> 0 | U25: 1 | V25: 1 | W25: X | X25: X | Y25: 1
M26: 46191 | N26: A | O26: Czechia | P26: South Africa | Q26: =IFERROR(COUNTIF(U26:Y26,1)/(COUNT(U26:Y26)+COUNTIF(U26:Y26,"X")),0) -> 0.8 | R26: =IFERROR(COUNTIF(U26:Y26,2)/(COUNT(U26:Y26)+COUNTIF(U26:Y26,"X")),0) -> 0 | S26: =IFERROR(COUNTIF(U26:Y26,"X")/(COUNT(U26:Y26)+COUNTIF(U26:Y26,"X")),0) -> 0.2 | T26: =IF(_xlfn.XLOOKUP(MAX(Q26:S26),Q26:S26,$Q$1:$S$1)='Master Score'!G26,1,0) -> 0 | U26: X | V26: 1 | W26: 1 | X26: 1 | Y26: 1
M27: 46191 | N27: B | O27: Switzerland | P27: Bosnia and Herzegovina | Q27: =IFERROR(COUNTIF(U27:Y27,1)/(COUNT(U27:Y27)+COUNTIF(U27:Y27,"X")),0) -> 1 | R27: =IFERROR(COUNTIF(U27:Y27,2)/(COUNT(U27:Y27)+COUNTIF(U27:Y27,"X")),0) -> 0 | S27: =IFERROR(COUNTIF(U27:Y27,"X")/(COUNT(U27:Y27)+COUNTIF(U27:Y27,"X")),0) -> 0 | T27: =IF(_xlfn.XLOOKUP(MAX(Q27:S27),Q27:S27,$Q$1:$S$1)='Master Score'!G27,1,0) -> 0 | U27: 1 | V27: 1 | W27: 1 | X27: 1 | Y27: 1
M28: 46191 | N28: B | O28: Canada | P28: Qatar | Q28: =IFERROR(COUNTIF(U28:Y28,1)/(COUNT(U28:Y28)+COUNTIF(U28:Y28,"X")),0) -> 1 | R28: =IFERROR(COUNTIF(U28:Y28,2)/(COUNT(U28:Y28)+COUNTIF(U28:Y28,"X")),0) -> 0 | S28: =IFERROR(COUNTIF(U28:Y28,"X")/(COUNT(U28:Y28)+COUNTIF(U28:Y28,"X")),0) -> 0 | T28: =IF(_xlfn.XLOOKUP(MAX(Q28:S28),Q28:S28,$Q$1:$S$1)='Master Score'!G28,1,0) -> 0 | U28: 1 | V28: 1 | W28: 1 | X28: 1 | Y28: 1
M29: 46192 | N29: A | O29: Mexico | P29: South Korea | Q29: =IFERROR(COUNTIF(U29:Y29,1)/(COUNT(U29:Y29)+COUNTIF(U29:Y29,"X")),0) -> 0.8 | R29: =IFERROR(COUNTIF(U29:Y29,2)/(COUNT(U29:Y29)+COUNTIF(U29:Y29,"X")),0) -> 0 | S29: =IFERROR(COUNTIF(U29:Y29,"X")/(COUNT(U29:Y29)+COUNTIF(U29:Y29,"X")),0) -> 0.2 | T29: =IF(_xlfn.XLOOKUP(MAX(Q29:S29),Q29:S29,$Q$1:$S$1)='Master Score'!G29,1,0) -> 0 | U29: 1 | V29: 1 | W29: X | X29: 1 | Y29: 1
M30: 46192 | N30: C | O30: Scotland | P30: Morocco | Q30: =IFERROR(COUNTIF(U30:Y30,1)/(COUNT(U30:Y30)+COUNTIF(U30:Y30,"X")),0) -> 0 | R30: =IFERROR(COUNTIF(U30:Y30,2)/(COUNT(U30:Y30)+COUNTIF(U30:Y30,"X")),0) -> 0.8 | S30: =IFERROR(COUNTIF(U30:Y30,"X")/(COUNT(U30:Y30)+COUNTIF(U30:Y30,"X")),0) -> 0.2 | T30: =IF(_xlfn.XLOOKUP(MAX(Q30:S30),Q30:S30,$Q$1:$S$1)='Master Score'!G30,1,0) -> 0 | U30: X | V30: 2 | W30: 2 | X30: 2 | Y30: 2
M31: 46192 | N31: D | O31: USA | P31: Australia | Q31: =IFERROR(COUNTIF(U31:Y31,1)/(COUNT(U31:Y31)+COUNTIF(U31:Y31,"X")),0) -> 0.6 | R31: =IFERROR(COUNTIF(U31:Y31,2)/(COUNT(U31:Y31)+COUNTIF(U31:Y31,"X")),0) -> 0 | S31: =IFERROR(COUNTIF(U31:Y31,"X")/(COUNT(U31:Y31)+COUNTIF(U31:Y31,"X")),0) -> 0.4 | T31: =IF(_xlfn.XLOOKUP(MAX(Q31:S31),Q31:S31,$Q$1:$S$1)='Master Score'!G31,1,0) -> 0 | U31: X | V31: 1 | W31: X | X31: 1 | Y31: 1
M32: 46193 | N32: C | O32: Brazil | P32: Haiti | Q32: =IFERROR(COUNTIF(U32:Y32,1)/(COUNT(U32:Y32)+COUNTIF(U32:Y32,"X")),0) -> 1 | R32: =IFERROR(COUNTIF(U32:Y32,2)/(COUNT(U32:Y32)+COUNTIF(U32:Y32,"X")),0) -> 0 | S32: =IFERROR(COUNTIF(U32:Y32,"X")/(COUNT(U32:Y32)+COUNTIF(U32:Y32,"X")),0) -> 0 | T32: =IF(_xlfn.XLOOKUP(MAX(Q32:S32),Q32:S32,$Q$1:$S$1)='Master Score'!G32,1,0) -> 0 | U32: 1 | V32: 1 | W32: 1 | X32: 1 | Y32: 1
M33: 46193 | N33: D | O33: Türkiye | P33: Paraguay | Q33: =IFERROR(COUNTIF(U33:Y33,1)/(COUNT(U33:Y33)+COUNTIF(U33:Y33,"X")),0) -> 0.8 | R33: =IFERROR(COUNTIF(U33:Y33,2)/(COUNT(U33:Y33)+COUNTIF(U33:Y33,"X")),0) -> 0 | S33: =IFERROR(COUNTIF(U33:Y33,"X")/(COUNT(U33:Y33)+COUNTIF(U33:Y33,"X")),0) -> 0.2 | T33: =IF(_xlfn.XLOOKUP(MAX(Q33:S33),Q33:S33,$Q$1:$S$1)='Master Score'!G33,1,0) -> 0 | U33: 1 | V33: X | W33: 1 | X33: 1 | Y33: 1
M34: 46193 | N34: E | O34: Germany | P34: Côte d'Ivoire | Q34: =IFERROR(COUNTIF(U34:Y34,1)/(COUNT(U34:Y34)+COUNTIF(U34:Y34,"X")),0) -> 1 | R34: =IFERROR(COUNTIF(U34:Y34,2)/(COUNT(U34:Y34)+COUNTIF(U34:Y34,"X")),0) -> 0 | S34: =IFERROR(COUNTIF(U34:Y34,"X")/(COUNT(U34:Y34)+COUNTIF(U34:Y34,"X")),0) -> 0 | T34: =IF(_xlfn.XLOOKUP(MAX(Q34:S34),Q34:S34,$Q$1:$S$1)='Master Score'!G34,1,0) -> 0 | U34: 1 | V34: 1 | W34: 1 | X34: 1 | Y34: 1
M35: 46193 | N35: F | O35: Netherlands | P35: Sweden | Q35: =IFERROR(COUNTIF(U35:Y35,1)/(COUNT(U35:Y35)+COUNTIF(U35:Y35,"X")),0) -> 1 | R35: =IFERROR(COUNTIF(U35:Y35,2)/(COUNT(U35:Y35)+COUNTIF(U35:Y35,"X")),0) -> 0 | S35: =IFERROR(COUNTIF(U35:Y35,"X")/(COUNT(U35:Y35)+COUNTIF(U35:Y35,"X")),0) -> 0 | T35: =IF(_xlfn.XLOOKUP(MAX(Q35:S35),Q35:S35,$Q$1:$S$1)='Master Score'!G35,1,0) -> 0 | U35: 1 | V35: 1 | W35: 1 | X35: 1 | Y35: 1
M36: 46194 | N36: E | O36: Ecuador | P36: Curaçao | Q36: =IFERROR(COUNTIF(U36:Y36,1)/(COUNT(U36:Y36)+COUNTIF(U36:Y36,"X")),0) -> 0.8 | R36: =IFERROR(COUNTIF(U36:Y36,2)/(COUNT(U36:Y36)+COUNTIF(U36:Y36,"X")),0) -> 0 | S36: =IFERROR(COUNTIF(U36:Y36,"X")/(COUNT(U36:Y36)+COUNTIF(U36:Y36,"X")),0) -> 0.2 | T36: =IF(_xlfn.XLOOKUP(MAX(Q36:S36),Q36:S36,$Q$1:$S$1)='Master Score'!G36,1,0) -> 0 | U36: X | V36: 1 | W36: 1 | X36: 1 | Y36: 1
M37: 46194 | N37: F | O37: Tunisia | P37: Japan | Q37: =IFERROR(COUNTIF(U37:Y37,1)/(COUNT(U37:Y37)+COUNTIF(U37:Y37,"X")),0) -> 0 | R37: =IFERROR(COUNTIF(U37:Y37,2)/(COUNT(U37:Y37)+COUNTIF(U37:Y37,"X")),0) -> 1 | S37: =IFERROR(COUNTIF(U37:Y37,"X")/(COUNT(U37:Y37)+COUNTIF(U37:Y37,"X")),0) -> 0 | T37: =IF(_xlfn.XLOOKUP(MAX(Q37:S37),Q37:S37,$Q$1:$S$1)='Master Score'!G37,1,0) -> 0 | U37: 2 | V37: 2 | W37: 2 | X37: 2 | Y37: 2
M38: 46194 | N38: G | O38: Belgium | P38: IR Iran | Q38: =IFERROR(COUNTIF(U38:Y38,1)/(COUNT(U38:Y38)+COUNTIF(U38:Y38,"X")),0) -> 0.6 | R38: =IFERROR(COUNTIF(U38:Y38,2)/(COUNT(U38:Y38)+COUNTIF(U38:Y38,"X")),0) -> 0 | S38: =IFERROR(COUNTIF(U38:Y38,"X")/(COUNT(U38:Y38)+COUNTIF(U38:Y38,"X")),0) -> 0.4 | T38: =IF(_xlfn.XLOOKUP(MAX(Q38:S38),Q38:S38,$Q$1:$S$1)='Master Score'!G38,1,0) -> 0 | U38: X | V38: X | W38: 1 | X38: 1 | Y38: 1
M39: 46194 | N39: H | O39: Spain | P39: Saudi Arabia | Q39: =IFERROR(COUNTIF(U39:Y39,1)/(COUNT(U39:Y39)+COUNTIF(U39:Y39,"X")),0) -> 1 | R39: =IFERROR(COUNTIF(U39:Y39,2)/(COUNT(U39:Y39)+COUNTIF(U39:Y39,"X")),0) -> 0 | S39: =IFERROR(COUNTIF(U39:Y39,"X")/(COUNT(U39:Y39)+COUNTIF(U39:Y39,"X")),0) -> 0 | T39: =IF(_xlfn.XLOOKUP(MAX(Q39:S39),Q39:S39,$Q$1:$S$1)='Master Score'!G39,1,0) -> 0 | U39: 1 | V39: 1 | W39: 1 | X39: 1 | Y39: 1
M40: 46194 | N40: H | O40: Uruguay | P40: Cabo Verde | Q40: =IFERROR(COUNTIF(U40:Y40,1)/(COUNT(U40:Y40)+COUNTIF(U40:Y40,"X")),0) -> 1 | R40: =IFERROR(COUNTIF(U40:Y40,2)/(COUNT(U40:Y40)+COUNTIF(U40:Y40,"X")),0) -> 0 | S40: =IFERROR(COUNTIF(U40:Y40,"X")/(COUNT(U40:Y40)+COUNTIF(U40:Y40,"X")),0) -> 0 | T40: =IF(_xlfn.XLOOKUP(MAX(Q40:S40),Q40:S40,$Q$1:$S$1)='Master Score'!G40,1,0) -> 0 | U40: 1 | V40: 1 | W40: 1 | X40: 1 | Y40: 1
M41: 46195 | N41: G | O41: New Zealand | P41: Egypt | Q41: =IFERROR(COUNTIF(U41:Y41,1)/(COUNT(U41:Y41)+COUNTIF(U41:Y41,"X")),0) -> 0 | R41: =IFERROR(COUNTIF(U41:Y41,2)/(COUNT(U41:Y41)+COUNTIF(U41:Y41,"X")),0) -> 0.8 | S41: =IFERROR(COUNTIF(U41:Y41,"X")/(COUNT(U41:Y41)+COUNTIF(U41:Y41,"X")),0) -> 0.2 | T41: =IF(_xlfn.XLOOKUP(MAX(Q41:S41),Q41:S41,$Q$1:$S$1)='Master Score'!G41,1,0) -> 0 | U41: X | V41: 2 | W41: 2 | X41: 2 | Y41: 2
C42: 1st | D42: 2nd | E42: 3rd | F42: 4th | G42: Total | I42: Top Pick Table | J42: =SUM(J43:J90)/COUNTA(J43:J90) -> 0.375 | M42: 46195 | N42: I | O42: France | P42: Iraq | Q42: =IFERROR(COUNTIF(U42:Y42,1)/(COUNT(U42:Y42)+COUNTIF(U42:Y42,"X")),0) -> 1 | R42: =IFERROR(COUNTIF(U42:Y42,2)/(COUNT(U42:Y42)+COUNTIF(U42:Y42,"X")),0) -> 0 | S42: =IFERROR(COUNTIF(U42:Y42,"X")/(COUNT(U42:Y42)+COUNTIF(U42:Y42,"X")),0) -> 0 | T42: =IF(_xlfn.XLOOKUP(MAX(Q42:S42),Q42:S42,$Q$1:$S$1)='Master Score'!G42,1,0) -> 0 | U42: 1 | V42: 1 | W42: 1 | X42: 1 | Y42: 1
A43: A | B43: Mexico | C43: =COUNTIF(Predictions!$F$78:$O$78,Stats!B43) -> 5 | D43: =COUNTIF(Predictions!$F$79:$O$79,B43) -> 0 | E43: =COUNTIF(Predictions!$F$80:$O$80,B43) -> 0 | F43: =COUNTIF(Predictions!$F$81:$O$81,B43) -> 0 | G43: =SUM(C43:F43) -> 5 | H43: 1st | I43: =_xlfn.XLOOKUP(MAX(C43:C46),C43:C46,B43:B46) -> Mexico | J43: =IF(I43=Predictions!E78,1,0) -> 1 | M43: 46195 | N43: J | O43: Argentina | P43: Austria | Q43: =IFERROR(COUNTIF(U43:Y43,1)/(COUNT(U43:Y43)+COUNTIF(U43:Y43,"X")),0) -> 0.8 | R43: =IFERROR(COUNTIF(U43:Y43,2)/(COUNT(U43:Y43)+COUNTIF(U43:Y43,"X")),0) -> 0 | S43: =IFERROR(COUNTIF(U43:Y43,"X")/(COUNT(U43:Y43)+COUNTIF(U43:Y43,"X")),0) -> 0.2 | T43: =IF(_xlfn.XLOOKUP(MAX(Q43:S43),Q43:S43,$Q$1:$S$1)='Master Score'!G43,1,0) -> 0 | U43: 1 | V43: X | W43: 1 | X43: 1 | Y43: 1
A44: A | B44: Czechia | C44: =COUNTIF(Predictions!$F$78:$O$78,Stats!B44) -> 0 | D44: =COUNTIF(Predictions!$F$79:$O$79,B44) -> 1 | E44: =COUNTIF(Predictions!$F$80:$O$80,B44) -> 2 | F44: =COUNTIF(Predictions!$F$81:$O$81,B44) -> 1 | G44: =SUM(C44:F44) -> 4 | H44: 2nd | I44: =_xlfn.XLOOKUP(MAX(D43:D46),D43:D46,B43:B46) -> South Korea | J44: =IF(I44=Predictions!E79,1,0) -> 1 | M44: 46196 | N44: I | O44: Norway | P44: Senegal | Q44: =IFERROR(COUNTIF(U44:Y44,1)/(COUNT(U44:Y44)+COUNTIF(U44:Y44,"X")),0) -> 0.2 | R44: =IFERROR(COUNTIF(U44:Y44,2)/(COUNT(U44:Y44)+COUNTIF(U44:Y44,"X")),0) -> 0.4 | S44: =IFERROR(COUNTIF(U44:Y44,"X")/(COUNT(U44:Y44)+COUNTIF(U44:Y44,"X")),0) -> 0.4 | T44: =IF(_xlfn.XLOOKUP(MAX(Q44:S44),Q44:S44,$Q$1:$S$1)='Master Score'!G44,1,0) -> 0 | U44: 2 | V44: 1 | W44: 2 | X44: X | Y44: X
A45: A | B45: South Korea | C45: =COUNTIF(Predictions!$F$78:$O$78,Stats!B45) -> 0 | D45: =COUNTIF(Predictions!$F$79:$O$79,B45) -> 4 | E45: =COUNTIF(Predictions!$F$80:$O$80,B45) -> 2 | F45: =COUNTIF(Predictions!$F$81:$O$81,B45) -> 0 | G45: =SUM(C45:F45) -> 6 | H45: 3rd | I45: =_xlfn.XLOOKUP(MAX(E43:E46),E43:E46,B43:B46) -> Czechia | J45: =IF(I45=Predictions!E80,1,0) -> 1 | M45: 46196 | N45: J | O45: Jordan | P45: Algeria | Q45: =IFERROR(COUNTIF(U45:Y45,1)/(COUNT(U45:Y45)+COUNTIF(U45:Y45,"X")),0) -> 0 | R45: =IFERROR(COUNTIF(U45:Y45,2)/(COUNT(U45:Y45)+COUNTIF(U45:Y45,"X")),0) -> 1 | S45: =IFERROR(COUNTIF(U45:Y45,"X")/(COUNT(U45:Y45)+COUNTIF(U45:Y45,"X")),0) -> 0 | T45: =IF(_xlfn.XLOOKUP(MAX(Q45:S45),Q45:S45,$Q$1:$S$1)='Master Score'!G45,1,0) -> 0 | U45: 2 | V45: 2 | W45: 2 | X45: 2 | Y45: 2
A46: A | B46: South Africa | C46: =COUNTIF(Predictions!$F$78:$O$78,Stats!B46) -> 0 | D46: =COUNTIF(Predictions!$F$79:$O$79,B46) -> 0 | E46: =COUNTIF(Predictions!$F$80:$O$80,B46) -> 1 | F46: =COUNTIF(Predictions!$F$81:$O$81,B46) -> 4 | G46: =SUM(C46:F46) -> 5 | H46: 4th | I46: =_xlfn.XLOOKUP(MAX(F43:F46),F43:F46,B43:B46) -> South Africa | J46: =IF(I46=Predictions!E81,1,0) -> 1 | M46: 46196 | N46: K | O46: Portugal | P46: Uzbekistan | Q46: =IFERROR(COUNTIF(U46:Y46,1)/(COUNT(U46:Y46)+COUNTIF(U46:Y46,"X")),0) -> 1 | R46: =IFERROR(COUNTIF(U46:Y46,2)/(COUNT(U46:Y46)+COUNTIF(U46:Y46,"X")),0) -> 0 | S46: =IFERROR(COUNTIF(U46:Y46,"X")/(COUNT(U46:Y46)+COUNTIF(U46:Y46,"X")),0) -> 0 | T46: =IF(_xlfn.XLOOKUP(MAX(Q46:S46),Q46:S46,$Q$1:$S$1)='Master Score'!G46,1,0) -> 0 | U46: 1 | V46: 1 | W46: 1 | X46: 1 | Y46: 1
A47: B | B47: Bosnia & Herzegovina | C47: =COUNTIF(Predictions!$F$82:$O$82,Stats!B47) -> 0 | D47: =COUNTIF(Predictions!$F$83:$O$83,B47) -> 1 | E47: =COUNTIF(Predictions!$F$84:$O$84,B47) -> 3 | F47: =COUNTIF(Predictions!$F$85:$O$85,B47) -> 0 | G47: =SUM(C47:F47) -> 4 | H47: 1st | I47: =_xlfn.XLOOKUP(MAX(C47:C50),C47:C50,B47:B50) -> Switzerland | J47: =IF(I47=Predictions!E82,1,0) -> 0 | M47: 46196 | N47: L | O47: England | P47: Ghana | Q47: =IFERROR(COUNTIF(U47:Y47,1)/(COUNT(U47:Y47)+COUNTIF(U47:Y47,"X")),0) -> 0.8 | R47: =IFERROR(COUNTIF(U47:Y47,2)/(COUNT(U47:Y47)+COUNTIF(U47:Y47,"X")),0) -> 0 | S47: =IFERROR(COUNTIF(U47:Y47,"X")/(COUNT(U47:Y47)+COUNTIF(U47:Y47,"X")),0) -> 0.2 | T47: =IF(_xlfn.XLOOKUP(MAX(Q47:S47),Q47:S47,$Q$1:$S$1)='Master Score'!G47,1,0) -> 0 | U47: 1 | V47: X | W47: 1 | X47: 1 | Y47: 1
A48: B | B48: Qatar | C48: =COUNTIF(Predictions!$F$82:$O$82,Stats!B48) -> 0 | D48: =COUNTIF(Predictions!$F$83:$O$83,B48) -> 0 | E48: =COUNTIF(Predictions!$F$84:$O$84,B48) -> 0 | F48: =COUNTIF(Predictions!$F$85:$O$85,B48) -> 5 | G48: =SUM(C48:F48) -> 5 | H48: 2nd | I48: =_xlfn.XLOOKUP(MAX(D47:D50),D47:D50,B47:B50) -> Canada | J48: =IF(I48=Predictions!E83,1,0) -> 1 | M48: 46197 | N48: K | O48: Colombia | P48: Congo DR | Q48: =IFERROR(COUNTIF(U48:Y48,1)/(COUNT(U48:Y48)+COUNTIF(U48:Y48,"X")),0) -> 0.6 | R48: =IFERROR(COUNTIF(U48:Y48,2)/(COUNT(U48:Y48)+COUNTIF(U48:Y48,"X")),0) -> 0 | S48: =IFERROR(COUNTIF(U48:Y48,"X")/(COUNT(U48:Y48)+COUNTIF(U48:Y48,"X")),0) -> 0.4 | T48: =IF(_xlfn.XLOOKUP(MAX(Q48:S48),Q48:S48,$Q$1:$S$1)='Master Score'!G48,1,0) -> 0 | U48: X | V48: X | W48: 1 | X48: 1 | Y48: 1
A49: B | B49: Switzerland | C49: =COUNTIF(Predictions!$F$82:$O$82,Stats!B49) -> 5 | D49: =COUNTIF(Predictions!$F$83:$O$83,B49) -> 0 | E49: =COUNTIF(Predictions!$F$84:$O$84,B49) -> 0 | F49: =COUNTIF(Predictions!$F$85:$O$85,B49) -> 0 | G49: =SUM(C49:F49) -> 5 | H49: 3rd | I49: =_xlfn.XLOOKUP(MAX(E47:E50),E47:E50,B47:B50) -> Bosnia & Herzegovina | J49: =IF(I49=Predictions!E84,1,0) -> 0 | M49: 46197 | N49: L | O49: Panama | P49: Croatia | Q49: =IFERROR(COUNTIF(U49:Y49,1)/(COUNT(U49:Y49)+COUNTIF(U49:Y49,"X")),0) -> 0 | R49: =IFERROR(COUNTIF(U49:Y49,2)/(COUNT(U49:Y49)+COUNTIF(U49:Y49,"X")),0) -> 1 | S49: =IFERROR(COUNTIF(U49:Y49,"X")/(COUNT(U49:Y49)+COUNTIF(U49:Y49,"X")),0) -> 0 | T49: =IF(_xlfn.XLOOKUP(MAX(Q49:S49),Q49:S49,$Q$1:$S$1)='Master Score'!G49,1,0) -> 0 | U49: 2 | V49: 2 | W49: 2 | X49: 2 | Y49: 2
A50: B | B50: Canada | C50: =COUNTIF(Predictions!$F$82:$O$82,Stats!B50) -> 0 | D50: =COUNTIF(Predictions!$F$83:$O$83,B50) -> 4 | E50: =COUNTIF(Predictions!$F$84:$O$84,B50) -> 2 | F50: =COUNTIF(Predictions!$F$85:$O$85,B50) -> 0 | G50: =SUM(C50:F50) -> 6 | H50: 4th | I50: =_xlfn.XLOOKUP(MAX(F47:F50),F47:F50,B47:B50) -> Qatar | J50: =IF(I50=Predictions!E85,1,0) -> 0 | M50: 46197 | N50: B | O50: Switzerland | P50: Canada | Q50: =IFERROR(COUNTIF(U50:Y50,1)/(COUNT(U50:Y50)+COUNTIF(U50:Y50,"X")),0) -> 0.8 | R50: =IFERROR(COUNTIF(U50:Y50,2)/(COUNT(U50:Y50)+COUNTIF(U50:Y50,"X")),0) -> 0 | S50: =IFERROR(COUNTIF(U50:Y50,"X")/(COUNT(U50:Y50)+COUNTIF(U50:Y50,"X")),0) -> 0.2 | T50: =IF(_xlfn.XLOOKUP(MAX(Q50:S50),Q50:S50,$Q$1:$S$1)='Master Score'!G50,1,0) -> 0 | U50: 1 | V50: X | W50: 1 | X50: 1 | Y50: 1
A51: C | B51: Brazil | C51: =COUNTIF(Predictions!$F$86:$O$86,Stats!B51) -> 3 | D51: =COUNTIF(Predictions!$F$87:$O$87,B51) -> 2 | E51: =COUNTIF(Predictions!$F$88:$O$88,B51) -> 0 | F51: =COUNTIF(Predictions!$F$89:$O$89,B51) -> 0 | G51: =SUM(C51:F51) -> 5 | H51: 1st | I51: =_xlfn.XLOOKUP(MAX(C51:C54),C51:C54,B51:B54) -> Brazil | J51: =IF(I51=Predictions!E86,1,0) -> 1 | M51: 46197 | N51: B | O51: Bosnia and Herzegovina | P51: Qatar | Q51: =IFERROR(COUNTIF(U51:Y51,1)/(COUNT(U51:Y51)+COUNTIF(U51:Y51,"X")),0) -> 0.8 | R51: =IFERROR(COUNTIF(U51:Y51,2)/(COUNT(U51:Y51)+COUNTIF(U51:Y51,"X")),0) -> 0 | S51: =IFERROR(COUNTIF(U51:Y51,"X")/(COUNT(U51:Y51)+COUNTIF(U51:Y51,"X")),0) -> 0.2 | T51: =IF(_xlfn.XLOOKUP(MAX(Q51:S51),Q51:S51,$Q$1:$S$1)='Master Score'!G51,1,0) -> 0 | U51: X | V51: 1 | W51: 1 | X51: 1 | Y51: 1
A52: C | B52: Haiti | C52: =COUNTIF(Predictions!$F$86:$O$86,Stats!B52) -> 0 | D52: =COUNTIF(Predictions!$F$87:$O$87,B52) -> 0 | E52: =COUNTIF(Predictions!$F$88:$O$88,B52) -> 0 | F52: =COUNTIF(Predictions!$F$89:$O$89,B52) -> 5 | G52: =SUM(C52:F52) -> 5 | H52: 2nd | I52: =_xlfn.XLOOKUP(MAX(D51:D54),D51:D54,B51:B54) -> Brazil | J52: =IF(I52=Predictions!E87,1,0) -> 0 | M52: 46197 | N52: C | O52: Scotland | P52: Brazil | Q52: =IFERROR(COUNTIF(U52:Y52,1)/(COUNT(U52:Y52)+COUNTIF(U52:Y52,"X")),0) -> 0 | R52: =IFERROR(COUNTIF(U52:Y52,2)/(COUNT(U52:Y52)+COUNTIF(U52:Y52,"X")),0) -> 0.6 | S52: =IFERROR(COUNTIF(U52:Y52,"X")/(COUNT(U52:Y52)+COUNTIF(U52:Y52,"X")),0) -> 0.4 | T52: =IF(_xlfn.XLOOKUP(MAX(Q52:S52),Q52:S52,$Q$1:$S$1)='Master Score'!G52,1,0) -> 0 | U52: X | V52: X | W52: 2 | X52: 2 | Y52: 2
A53: C | B53: Morocco | C53: =COUNTIF(Predictions!$F$86:$O$86,Stats!B53) -> 2 | D53: =COUNTIF(Predictions!$F$87:$O$87,B53) -> 2 | E53: =COUNTIF(Predictions!$F$88:$O$88,B53) -> 1 | F53: =COUNTIF(Predictions!$F$89:$O$89,B53) -> 0 | G53: =SUM(C53:F53) -> 5 | H53: 3rd | I53: =_xlfn.XLOOKUP(MAX(E51:E54),E51:E54,B51:B54) -> Scotland | J53: =IF(I53=Predictions!E88,1,0) -> 0 | M53: 46197 | N53: C | O53: Morocco | P53: Haiti | Q53: =IFERROR(COUNTIF(U53:Y53,1)/(COUNT(U53:Y53)+COUNTIF(U53:Y53,"X")),0) -> 1 | R53: =IFERROR(COUNTIF(U53:Y53,2)/(COUNT(U53:Y53)+COUNTIF(U53:Y53,"X")),0) -> 0 | S53: =IFERROR(COUNTIF(U53:Y53,"X")/(COUNT(U53:Y53)+COUNTIF(U53:Y53,"X")),0) -> 0 | T53: =IF(_xlfn.XLOOKUP(MAX(Q53:S53),Q53:S53,$Q$1:$S$1)='Master Score'!G53,1,0) -> 0 | U53: 1 | V53: 1 | W53: 1 | X53: 1 | Y53: 1
A54: C | B54: Scotland | C54: =COUNTIF(Predictions!$F$86:$O$86,Stats!B54) -> 0 | D54: =COUNTIF(Predictions!$F$87:$O$87,B54) -> 1 | E54: =COUNTIF(Predictions!$F$88:$O$88,B54) -> 4 | F54: =COUNTIF(Predictions!$F$89:$O$89,B54) -> 0 | G54: =SUM(C54:F54) -> 5 | H54: 4th | I54: =_xlfn.XLOOKUP(MAX(F51:F54),F51:F54,B51:B54) -> Haiti | J54: =IF(I54=Predictions!E89,1,0) -> 0 | M54: 46198 | N54: A | O54: Czechia | P54: Mexico | Q54: =IFERROR(COUNTIF(U54:Y54,1)/(COUNT(U54:Y54)+COUNTIF(U54:Y54,"X")),0) -> 0 | R54: =IFERROR(COUNTIF(U54:Y54,2)/(COUNT(U54:Y54)+COUNTIF(U54:Y54,"X")),0) -> 0.6 | S54: =IFERROR(COUNTIF(U54:Y54,"X")/(COUNT(U54:Y54)+COUNTIF(U54:Y54,"X")),0) -> 0.4 | T54: =IF(_xlfn.XLOOKUP(MAX(Q54:S54),Q54:S54,$Q$1:$S$1)='Master Score'!G54,1,0) -> 0 | U54: 2 | V54: X | W54: X | X54: 2 | Y54: 2
A55: D | B55: Australia | C55: =COUNTIF(Predictions!$F$90:$O$90,Stats!B55) -> 0 | D55: =COUNTIF(Predictions!$F$91:$O$91,B55) -> 0 | E55: =COUNTIF(Predictions!$F$92:$O$92,B55) -> 1 | F55: =COUNTIF(Predictions!$F$93:$O$93,B55) -> 4 | G55: =SUM(C55:F55) -> 5 | H55: 1st | I55: =_xlfn.XLOOKUP(MAX(C55:C58),C55:C58,B55:B58) -> Türkiye | J55: =IF(I55=Predictions!E90,1,0) -> 0 | M55: 46198 | N55: A | O55: South Africa | P55: South Korea | Q55: =IFERROR(COUNTIF(U55:Y55,1)/(COUNT(U55:Y55)+COUNTIF(U55:Y55,"X")),0) -> 0 | R55: =IFERROR(COUNTIF(U55:Y55,2)/(COUNT(U55:Y55)+COUNTIF(U55:Y55,"X")),0) -> 1 | S55: =IFERROR(COUNTIF(U55:Y55,"X")/(COUNT(U55:Y55)+COUNTIF(U55:Y55,"X")),0) -> 0 | T55: =IF(_xlfn.XLOOKUP(MAX(Q55:S55),Q55:S55,$Q$1:$S$1)='Master Score'!G55,1,0) -> 0 | U55: 2 | V55: 2 | W55: 2 | X55: 2 | Y55: 2
A56: D | B56: Paraguay | C56: =COUNTIF(Predictions!$F$90:$O$90,Stats!B56) -> 0 | D56: =COUNTIF(Predictions!$F$91:$O$91,B56) -> 1 | E56: =COUNTIF(Predictions!$F$92:$O$92,B56) -> 3 | F56: =COUNTIF(Predictions!$F$93:$O$93,B56) -> 1 | G56: =SUM(C56:F56) -> 5 | H56: 2nd | I56: =_xlfn.XLOOKUP(MAX(D55:D58),D55:D58,B55:B58) -> USA | J56: =IF(I56=Predictions!E91,1,0) -> 0 | M56: 46198 | N56: E | O56: Ecuador | P56: Germany | Q56: =IFERROR(COUNTIF(U56:Y56,1)/(COUNT(U56:Y56)+COUNTIF(U56:Y56,"X")),0) -> 0 | R56: =IFERROR(COUNTIF(U56:Y56,2)/(COUNT(U56:Y56)+COUNTIF(U56:Y56,"X")),0) -> 0.8 | S56: =IFERROR(COUNTIF(U56:Y56,"X")/(COUNT(U56:Y56)+COUNTIF(U56:Y56,"X")),0) -> 0.2 | T56: =IF(_xlfn.XLOOKUP(MAX(Q56:S56),Q56:S56,$Q$1:$S$1)='Master Score'!G56,1,0) -> 0 | U56: 2 | V56: X | W56: 2 | X56: 2 | Y56: 2
A57: D | B57: Türkiye | C57: =COUNTIF(Predictions!$F$90:$O$90,Stats!B57) -> 5 | D57: =COUNTIF(Predictions!$F$91:$O$91,B57) -> 0 | E57: =COUNTIF(Predictions!$F$92:$O$92,B57) -> 0 | F57: =COUNTIF(Predictions!$F$93:$O$93,B57) -> 0 | G57: =SUM(C57:F57) -> 5 | H57: 3rd | I57: =_xlfn.XLOOKUP(MAX(E55:E58),E55:E58,B55:B58) -> Paraguay | J57: =IF(I57=Predictions!E92,1,0) -> 0 | M57: 46198 | N57: E | O57: Curaçao | P57: Côte d'Ivoire | Q57: =IFERROR(COUNTIF(U57:Y57,1)/(COUNT(U57:Y57)+COUNTIF(U57:Y57,"X")),0) -> 0 | R57: =IFERROR(COUNTIF(U57:Y57,2)/(COUNT(U57:Y57)+COUNTIF(U57:Y57,"X")),0) -> 1 | S57: =IFERROR(COUNTIF(U57:Y57,"X")/(COUNT(U57:Y57)+COUNTIF(U57:Y57,"X")),0) -> 0 | T57: =IF(_xlfn.XLOOKUP(MAX(Q57:S57),Q57:S57,$Q$1:$S$1)='Master Score'!G57,1,0) -> 0 | U57: 2 | V57: 2 | W57: 2 | X57: 2 | Y57: 2
A58: D | B58: USA | C58: =COUNTIF(Predictions!$F$90:$O$90,Stats!B58) -> 0 | D58: =COUNTIF(Predictions!$F$91:$O$91,B58) -> 4 | E58: =COUNTIF(Predictions!$F$92:$O$92,B58) -> 1 | F58: =COUNTIF(Predictions!$F$93:$O$93,B58) -> 0 | G58: =SUM(C58:F58) -> 5 | H58: 4th | I58: =_xlfn.XLOOKUP(MAX(F55:F58),F55:F58,B55:B58) -> Australia | J58: =IF(I58=Predictions!E93,1,0) -> 0 | M58: 46199 | N58: D | O58: Türkiye | P58: USA | Q58: =IFERROR(COUNTIF(U58:Y58,1)/(COUNT(U58:Y58)+COUNTIF(U58:Y58,"X")),0) -> 0.6 | R58: =IFERROR(COUNTIF(U58:Y58,2)/(COUNT(U58:Y58)+COUNTIF(U58:Y58,"X")),0) -> 0 | S58: =IFERROR(COUNTIF(U58:Y58,"X")/(COUNT(U58:Y58)+COUNTIF(U58:Y58,"X")),0) -> 0.4 | T58: =IF(_xlfn.XLOOKUP(MAX(Q58:S58),Q58:S58,$Q$1:$S$1)='Master Score'!G58,1,0) -> 0 | U58: X | V58: 1 | W58: X | X58: 1 | Y58: 1
A59: E | B59: Curaçao | C59: =COUNTIF(Predictions!$F$94:$O$94,Stats!B59) -> 0 | D59: =COUNTIF(Predictions!$F$95:$O$95,B59) -> 0 | E59: =COUNTIF(Predictions!$F$96:$O$96,B59) -> 1 | F59: =COUNTIF(Predictions!$F$97:$O$97,B59) -> 4 | G59: =SUM(C59:F59) -> 5 | H59: 1st | I59: =_xlfn.XLOOKUP(MAX(C59:C62),C59:C62,B59:B62) -> Germany | J59: =IF(I59=Predictions!E94,1,0) -> 0 | M59: 46199 | N59: D | O59: Paraguay | P59: Australia | Q59: =IFERROR(COUNTIF(U59:Y59,1)/(COUNT(U59:Y59)+COUNTIF(U59:Y59,"X")),0) -> 0 | R59: =IFERROR(COUNTIF(U59:Y59,2)/(COUNT(U59:Y59)+COUNTIF(U59:Y59,"X")),0) -> 0.2 | S59: =IFERROR(COUNTIF(U59:Y59,"X")/(COUNT(U59:Y59)+COUNTIF(U59:Y59,"X")),0) -> 0.8 | T59: =IF(_xlfn.XLOOKUP(MAX(Q59:S59),Q59:S59,$Q$1:$S$1)='Master Score'!G59,1,0) -> 0 | U59: 2 | V59: X | W59: X | X59: X | Y59: X
A60: E | B60: Côte d'Ivoire | C60: =COUNTIF(Predictions!$F$94:$O$94,Stats!B60) -> 0 | D60: =COUNTIF(Predictions!$F$95:$O$95,B60) -> 3 | E60: =COUNTIF(Predictions!$F$96:$O$96,B60) -> 2 | F60: =COUNTIF(Predictions!$F$97:$O$97,B60) -> 0 | G60: =SUM(C60:F60) -> 5 | H60: 2nd | I60: =_xlfn.XLOOKUP(MAX(D59:D62),D59:D62,B59:B62) -> Côte d'Ivoire | J60: =IF(I60=Predictions!E95,1,0) -> 1 | M60: 46199 | N60: F | O60: Tunisia | P60: Netherlands | Q60: =IFERROR(COUNTIF(U60:Y60,1)/(COUNT(U60:Y60)+COUNTIF(U60:Y60,"X")),0) -> 0 | R60: =IFERROR(COUNTIF(U60:Y60,2)/(COUNT(U60:Y60)+COUNTIF(U60:Y60,"X")),0) -> 1 | S60: =IFERROR(COUNTIF(U60:Y60,"X")/(COUNT(U60:Y60)+COUNTIF(U60:Y60,"X")),0) -> 0 | T60: =IF(_xlfn.XLOOKUP(MAX(Q60:S60),Q60:S60,$Q$1:$S$1)='Master Score'!G60,1,0) -> 0 | U60: 2 | V60: 2 | W60: 2 | X60: 2 | Y60: 2
A61: E | B61: Ecuador | C61: =COUNTIF(Predictions!$F$94:$O$94,Stats!B61) -> 0 | D61: =COUNTIF(Predictions!$F$95:$O$95,B61) -> 2 | E61: =COUNTIF(Predictions!$F$96:$O$96,B61) -> 2 | F61: =COUNTIF(Predictions!$F$97:$O$97,B61) -> 1 | G61: =SUM(C61:F61) -> 5 | H61: 3rd | I61: =_xlfn.XLOOKUP(MAX(E59:E62),E59:E62,B59:B62) -> Côte d'Ivoire | J61: =IF(I61=Predictions!E96,1,0) -> 0 | M61: 46199 | N61: F | O61: Japan | P61: Sweden | Q61: =IFERROR(COUNTIF(U61:Y61,1)/(COUNT(U61:Y61)+COUNTIF(U61:Y61,"X")),0) -> 0.8 | R61: =IFERROR(COUNTIF(U61:Y61,2)/(COUNT(U61:Y61)+COUNTIF(U61:Y61,"X")),0) -> 0 | S61: =IFERROR(COUNTIF(U61:Y61,"X")/(COUNT(U61:Y61)+COUNTIF(U61:Y61,"X")),0) -> 0.2 | T61: =IF(_xlfn.XLOOKUP(MAX(Q61:S61),Q61:S61,$Q$1:$S$1)='Master Score'!G61,1,0) -> 0 | U61: X | V61: 1 | W61: 1 | X61: 1 | Y61: 1
A62: E | B62: Germany | C62: =COUNTIF(Predictions!$F$94:$O$94,Stats!B62) -> 5 | D62: =COUNTIF(Predictions!$F$95:$O$95,B62) -> 0 | E62: =COUNTIF(Predictions!$F$96:$O$96,B62) -> 0 | F62: =COUNTIF(Predictions!$F$97:$O$97,B62) -> 0 | G62: =SUM(C62:F62) -> 5 | H62: 4th | I62: =_xlfn.XLOOKUP(MAX(F59:F62),F59:F62,B59:B62) -> Curaçao | J62: =IF(I62=Predictions!E97,1,0) -> 0 | M62: 46199 | N62: I | O62: Norway | P62: France | Q62: =IFERROR(COUNTIF(U62:Y62,1)/(COUNT(U62:Y62)+COUNTIF(U62:Y62,"X")),0) -> 0 | R62: =IFERROR(COUNTIF(U62:Y62,2)/(COUNT(U62:Y62)+COUNTIF(U62:Y62,"X")),0) -> 0.8 | S62: =IFERROR(COUNTIF(U62:Y62,"X")/(COUNT(U62:Y62)+COUNTIF(U62:Y62,"X")),0) -> 0.2 | T62: =IF(_xlfn.XLOOKUP(MAX(Q62:S62),Q62:S62,$Q$1:$S$1)='Master Score'!G62,1,0) -> 0 | U62: 2 | V62: X | W62: 2 | X62: 2 | Y62: 2
A63: F | B63: Japan | C63: =COUNTIF(Predictions!$F$98:$O$98,Stats!B63) -> 0 | D63: =COUNTIF(Predictions!$F$99:$O$99,B63) -> 5 | E63: =COUNTIF(Predictions!$F$100:$O$100,B63) -> 0 | F63: =COUNTIF(Predictions!$F$101:$O$101,B63) -> 0 | G63: =SUM(C63:F63) -> 5 | H63: 1st | I63: =_xlfn.XLOOKUP(MAX(C63:C66),C63:C66,B63:B66) -> Netherlands | J63: =IF(I63=Predictions!E98,1,0) -> 0 | M63: 46199 | N63: I | O63: Senegal | P63: Iraq | Q63: =IFERROR(COUNTIF(U63:Y63,1)/(COUNT(U63:Y63)+COUNTIF(U63:Y63,"X")),0) -> 1 | R63: =IFERROR(COUNTIF(U63:Y63,2)/(COUNT(U63:Y63)+COUNTIF(U63:Y63,"X")),0) -> 0 | S63: =IFERROR(COUNTIF(U63:Y63,"X")/(COUNT(U63:Y63)+COUNTIF(U63:Y63,"X")),0) -> 0 | T63: =IF(_xlfn.XLOOKUP(MAX(Q63:S63),Q63:S63,$Q$1:$S$1)='Master Score'!G63,1,0) -> 0 | U63: 1 | V63: 1 | W63: 1 | X63: 1 | Y63: 1
A64: F | B64: Netherlands | C64: =COUNTIF(Predictions!$F$98:$O$98,Stats!B64) -> 5 | D64: =COUNTIF(Predictions!$F$99:$O$99,B64) -> 0 | E64: =COUNTIF(Predictions!$F$100:$O$100,B64) -> 0 | F64: =COUNTIF(Predictions!$F$101:$O$101,B64) -> 0 | G64: =SUM(C64:F64) -> 5 | H64: 2nd | I64: =_xlfn.XLOOKUP(MAX(D63:D66),D63:D66,B63:B66) -> Japan | J64: =IF(I64=Predictions!E99,1,0) -> 0 | M64: 46200 | N64: G | O64: New Zealand | P64: Belgium | Q64: =IFERROR(COUNTIF(U64:Y64,1)/(COUNT(U64:Y64)+COUNTIF(U64:Y64,"X")),0) -> 0 | R64: =IFERROR(COUNTIF(U64:Y64,2)/(COUNT(U64:Y64)+COUNTIF(U64:Y64,"X")),0) -> 1 | S64: =IFERROR(COUNTIF(U64:Y64,"X")/(COUNT(U64:Y64)+COUNTIF(U64:Y64,"X")),0) -> 0 | T64: =IF(_xlfn.XLOOKUP(MAX(Q64:S64),Q64:S64,$Q$1:$S$1)='Master Score'!G64,1,0) -> 0 | U64: 2 | V64: 2 | W64: 2 | X64: 2 | Y64: 2
A65: F | B65: Sweden | C65: =COUNTIF(Predictions!$F$98:$O$98,Stats!B65) -> 0 | D65: =COUNTIF(Predictions!$F$99:$O$99,B65) -> 0 | E65: =COUNTIF(Predictions!$F$100:$O$100,B65) -> 3 | F65: =COUNTIF(Predictions!$F$101:$O$101,B65) -> 2 | G65: =SUM(C65:F65) -> 5 | H65: 3rd | I65: =_xlfn.XLOOKUP(MAX(E63:E66),E63:E66,B63:B66) -> Sweden | J65: =IF(I65=Predictions!E100,1,0) -> 1 | M65: 46200 | N65: G | O65: Egypt | P65: IR Iran | Q65: =IFERROR(COUNTIF(U65:Y65,1)/(COUNT(U65:Y65)+COUNTIF(U65:Y65,"X")),0) -> 0 | R65: =IFERROR(COUNTIF(U65:Y65,2)/(COUNT(U65:Y65)+COUNTIF(U65:Y65,"X")),0) -> 0.2 | S65: =IFERROR(COUNTIF(U65:Y65,"X")/(COUNT(U65:Y65)+COUNTIF(U65:Y65,"X")),0) -> 0.8 | T65: =IF(_xlfn.XLOOKUP(MAX(Q65:S65),Q65:S65,$Q$1:$S$1)='Master Score'!G65,1,0) -> 0 | U65: X | V65: X | W65: X | X65: X | Y65: 2
A66: F | B66: Tunisia | C66: =COUNTIF(Predictions!$F$98:$O$98,Stats!B66) -> 0 | D66: =COUNTIF(Predictions!$F$99:$O$99,B66) -> 0 | E66: =COUNTIF(Predictions!$F$100:$O$100,B66) -> 2 | F66: =COUNTIF(Predictions!$F$101:$O$101,B66) -> 3 | G66: =SUM(C66:F66) -> 5 | H66: 4th | I66: =_xlfn.XLOOKUP(MAX(F63:F66),F63:F66,B63:B66) -> Tunisia | J66: =IF(I66=Predictions!E101,1,0) -> 1 | M66: 46200 | N66: H | O66: Uruguay | P66: Spain | Q66: =IFERROR(COUNTIF(U66:Y66,1)/(COUNT(U66:Y66)+COUNTIF(U66:Y66,"X")),0) -> 0 | R66: =IFERROR(COUNTIF(U66:Y66,2)/(COUNT(U66:Y66)+COUNTIF(U66:Y66,"X")),0) -> 1 | S66: =IFERROR(COUNTIF(U66:Y66,"X")/(COUNT(U66:Y66)+COUNTIF(U66:Y66,"X")),0) -> 0 | T66: =IF(_xlfn.XLOOKUP(MAX(Q66:S66),Q66:S66,$Q$1:$S$1)='Master Score'!G66,1,0) -> 0 | U66: 2 | V66: 2 | W66: 2 | X66: 2 | Y66: 2
A67: G | B67: Belgium | C67: =COUNTIF(Predictions!$F$102:$O$102,Stats!B67) -> 5 | D67: =COUNTIF(Predictions!$F$103:$O$103,B67) -> 0 | E67: =COUNTIF(Predictions!$F$104:$O$104,B67) -> 0 | F67: =COUNTIF(Predictions!$F$105:$O$105,B67) -> 0 | G67: =SUM(C67:F67) -> 5 | H67: 1st | I67: =_xlfn.XLOOKUP(MAX(C67:C70),C67:C70,B67:B70) -> Belgium | J67: =IF(I67=Predictions!E102,1,0) -> 1 | M67: 46200 | N67: H | O67: Cabo Verde | P67: Saudi Arabia | Q67: =IFERROR(COUNTIF(U67:Y67,1)/(COUNT(U67:Y67)+COUNTIF(U67:Y67,"X")),0) -> 0 | R67: =IFERROR(COUNTIF(U67:Y67,2)/(COUNT(U67:Y67)+COUNTIF(U67:Y67,"X")),0) -> 0.8 | S67: =IFERROR(COUNTIF(U67:Y67,"X")/(COUNT(U67:Y67)+COUNTIF(U67:Y67,"X")),0) -> 0.2 | T67: =IF(_xlfn.XLOOKUP(MAX(Q67:S67),Q67:S67,$Q$1:$S$1)='Master Score'!G67,1,0) -> 0 | U67: 2 | V67: 2 | W67: X | X67: 2 | Y67: 2
A68: G | B68: Egypt | C68: =COUNTIF(Predictions!$F$102:$O$102,Stats!B68) -> 0 | D68: =COUNTIF(Predictions!$F$103:$O$103,B68) -> 2 | E68: =COUNTIF(Predictions!$F$104:$O$104,B68) -> 3 | F68: =COUNTIF(Predictions!$F$105:$O$105,B68) -> 0 | G68: =SUM(C68:F68) -> 5 | H68: 2nd | I68: =_xlfn.XLOOKUP(MAX(D67:D70),D67:D70,B67:B70) -> IR Iran | J68: =IF(I68=Predictions!E103,1,0) -> 0 | M68: 46200 | N68: L | O68: Panama | P68: England | Q68: =IFERROR(COUNTIF(U68:Y68,1)/(COUNT(U68:Y68)+COUNTIF(U68:Y68,"X")),0) -> 0 | R68: =IFERROR(COUNTIF(U68:Y68,2)/(COUNT(U68:Y68)+COUNTIF(U68:Y68,"X")),0) -> 1 | S68: =IFERROR(COUNTIF(U68:Y68,"X")/(COUNT(U68:Y68)+COUNTIF(U68:Y68,"X")),0) -> 0 | T68: =IF(_xlfn.XLOOKUP(MAX(Q68:S68),Q68:S68,$Q$1:$S$1)='Master Score'!G68,1,0) -> 0 | U68: 2 | V68: 2 | W68: 2 | X68: 2 | Y68: 2
A69: G | B69: IR Iran | C69: =COUNTIF(Predictions!$F$102:$O$102,Stats!B69) -> 0 | D69: =COUNTIF(Predictions!$F$103:$O$103,B69) -> 3 | E69: =COUNTIF(Predictions!$F$104:$O$104,B69) -> 2 | F69: =COUNTIF(Predictions!$F$105:$O$105,B69) -> 0 | G69: =SUM(C69:F69) -> 5 | H69: 3rd | I69: =_xlfn.XLOOKUP(MAX(E67:E70),E67:E70,B67:B70) -> Egypt | J69: =IF(I69=Predictions!E104,1,0) -> 0 | M69: 46200 | N69: L | O69: Croatia | P69: Ghana | Q69: =IFERROR(COUNTIF(U69:Y69,1)/(COUNT(U69:Y69)+COUNTIF(U69:Y69,"X")),0) -> 0.6 | R69: =IFERROR(COUNTIF(U69:Y69,2)/(COUNT(U69:Y69)+COUNTIF(U69:Y69,"X")),0) -> 0 | S69: =IFERROR(COUNTIF(U69:Y69,"X")/(COUNT(U69:Y69)+COUNTIF(U69:Y69,"X")),0) -> 0.4 | T69: =IF(_xlfn.XLOOKUP(MAX(Q69:S69),Q69:S69,$Q$1:$S$1)='Master Score'!G69,1,0) -> 0 | U69: 1 | V69: 1 | W69: X | X69: 1 | Y69: X
A70: G | B70: New Zealand | C70: =COUNTIF(Predictions!$F$102:$O$102,Stats!B70) -> 0 | D70: =COUNTIF(Predictions!$F$103:$O$103,B70) -> 0 | E70: =COUNTIF(Predictions!$F$104:$O$104,B70) -> 0 | F70: =COUNTIF(Predictions!$F$105:$O$105,B70) -> 5 | G70: =SUM(C70:F70) -> 5 | H70: 4th | I70: =_xlfn.XLOOKUP(MAX(F67:F70),F67:F70,B67:B70) -> New Zealand | J70: =IF(I70=Predictions!E105,1,0) -> 1 | M70: 46201 | N70: J | O70: Jordan | P70: Argentina | Q70: =IFERROR(COUNTIF(U70:Y70,1)/(COUNT(U70:Y70)+COUNTIF(U70:Y70,"X")),0) -> 0 | R70: =IFERROR(COUNTIF(U70:Y70,2)/(COUNT(U70:Y70)+COUNTIF(U70:Y70,"X")),0) -> 1 | S70: =IFERROR(COUNTIF(U70:Y70,"X")/(COUNT(U70:Y70)+COUNTIF(U70:Y70,"X")),0) -> 0 | T70: =IF(_xlfn.XLOOKUP(MAX(Q70:S70),Q70:S70,$Q$1:$S$1)='Master Score'!G70,1,0) -> 0 | U70: 2 | V70: 2 | W70: 2 | X70: 2 | Y70: 2
A71: H | B71: Cabo Verde | C71: =COUNTIF(Predictions!$F$106:$O$106,Stats!B71) -> 0 | D71: =COUNTIF(Predictions!$F$107:$O$107,B71) -> 0 | E71: =COUNTIF(Predictions!$F$108:$O$108,B71) -> 0 | F71: =COUNTIF(Predictions!$F$109:$O$109,B71) -> 5 | G71: =SUM(C71:F71) -> 5 | H71: 1st | I71: =_xlfn.XLOOKUP(MAX(C71:C74),C71:C74,B71:B74) -> Spain | J71: =IF(I71=Predictions!E106,1,0) -> 0 | M71: 46201 | N71: J | O71: Algeria | P71: Austria | Q71: =IFERROR(COUNTIF(U71:Y71,1)/(COUNT(U71:Y71)+COUNTIF(U71:Y71,"X")),0) -> 0.4 | R71: =IFERROR(COUNTIF(U71:Y71,2)/(COUNT(U71:Y71)+COUNTIF(U71:Y71,"X")),0) -> 0.2 | S71: =IFERROR(COUNTIF(U71:Y71,"X")/(COUNT(U71:Y71)+COUNTIF(U71:Y71,"X")),0) -> 0.4 | T71: =IF(_xlfn.XLOOKUP(MAX(Q71:S71),Q71:S71,$Q$1:$S$1)='Master Score'!G71,1,0) -> 0 | U71: X | V71: 1 | W71: 1 | X71: X | Y71: 2
A72: H | B72: Saudi Arabia | C72: =COUNTIF(Predictions!$F$106:$O$106,Stats!B72) -> 0 | D72: =COUNTIF(Predictions!$F$107:$O$107,B72) -> 0 | E72: =COUNTIF(Predictions!$F$108:$O$108,B72) -> 5 | F72: =COUNTIF(Predictions!$F$109:$O$109,B72) -> 0 | G72: =SUM(C72:F72) -> 5 | H72: 2nd | I72: =_xlfn.XLOOKUP(MAX(D71:D74),D71:D74,B71:B74) -> Uruguay | J72: =IF(I72=Predictions!E107,1,0) -> 0 | M72: 46201 | N72: K | O72: Colombia | P72: Portugal | Q72: =IFERROR(COUNTIF(U72:Y72,1)/(COUNT(U72:Y72)+COUNTIF(U72:Y72,"X")),0) -> 0 | R72: =IFERROR(COUNTIF(U72:Y72,2)/(COUNT(U72:Y72)+COUNTIF(U72:Y72,"X")),0) -> 0.8 | S72: =IFERROR(COUNTIF(U72:Y72,"X")/(COUNT(U72:Y72)+COUNTIF(U72:Y72,"X")),0) -> 0.2 | T72: =IF(_xlfn.XLOOKUP(MAX(Q72:S72),Q72:S72,$Q$1:$S$1)='Master Score'!G72,1,0) -> 0 | U72: 2 | V72: X | W72: 2 | X72: 2 | Y72: 2
A73: H | B73: Spain | C73: =COUNTIF(Predictions!$F$106:$O$106,Stats!B73) -> 5 | D73: =COUNTIF(Predictions!$F$107:$O$107,B73) -> 0 | E73: =COUNTIF(Predictions!$F$108:$O$108,B73) -> 0 | F73: =COUNTIF(Predictions!$F$109:$O$109,B73) -> 0 | G73: =SUM(C73:F73) -> 5 | H73: 3rd | I73: =_xlfn.XLOOKUP(MAX(E71:E74),E71:E74,B71:B74) -> Saudi Arabia | J73: =IF(I73=Predictions!E108,1,0) -> 0 | M73: 46201 | N73: K | O73: Congo DR | P73: Uzbekistan | Q73: =IFERROR(COUNTIF(U73:Y73,1)/(COUNT(U73:Y73)+COUNTIF(U73:Y73,"X")),0) -> 0.8 | R73: =IFERROR(COUNTIF(U73:Y73,2)/(COUNT(U73:Y73)+COUNTIF(U73:Y73,"X")),0) -> 0 | S73: =IFERROR(COUNTIF(U73:Y73,"X")/(COUNT(U73:Y73)+COUNTIF(U73:Y73,"X")),0) -> 0.2 | T73: =IF(_xlfn.XLOOKUP(MAX(Q73:S73),Q73:S73,$Q$1:$S$1)='Master Score'!G73,1,0) -> 0 | U73: 1 | V73: 1 | W73: X | X73: 1 | Y73: 1
A74: H | B74: Uruguay | C74: =COUNTIF(Predictions!$F$106:$O$106,Stats!B74) -> 0 | D74: =COUNTIF(Predictions!$F$107:$O$107,B74) -> 5 | E74: =COUNTIF(Predictions!$F$108:$O$108,B74) -> 0 | F74: =COUNTIF(Predictions!$F$109:$O$109,B74) -> 0 | G74: =SUM(C74:F74) -> 5 | H74: 4th | I74: =_xlfn.XLOOKUP(MAX(F71:F74),F71:F74,B71:B74) -> Cabo Verde | J74: =IF(I74=Predictions!E109,1,0) -> 0 | T74: =SUM(T2:T73)/COUNTA(T2:T73) -> 0.027777778
A75: I | B75: France | C75: =COUNTIF(Predictions!$F$110:$O$110,Stats!B75) -> 5 | D75: =COUNTIF(Predictions!$F$111:$O$111,B75) -> 0 | E75: =COUNTIF(Predictions!$F$112:$O$112,B75) -> 0 | F75: =COUNTIF(Predictions!$F$113:$O$113,B75) -> 0 | G75: =SUM(C75:F75) -> 5 | H75: 1st | I75: =_xlfn.XLOOKUP(MAX(C75:C78),C75:C78,B75:B78) -> France | J75: =IF(I75=Predictions!E110,1,0) -> 1
A76: I | B76: Iraq | C76: =COUNTIF(Predictions!$F$110:$O$110,Stats!B76) -> 0 | D76: =COUNTIF(Predictions!$F$111:$O$111,B76) -> 0 | E76: =COUNTIF(Predictions!$F$112:$O$112,B76) -> 0 | F76: =COUNTIF(Predictions!$F$113:$O$113,B76) -> 5 | G76: =SUM(C76:F76) -> 5 | H76: 2nd | I76: =_xlfn.XLOOKUP(MAX(D75:D78),D75:D78,B75:B78) -> Senegal | J76: =IF(I76=Predictions!E111,1,0) -> 0
A77: I | B77: Norway | C77: =COUNTIF(Predictions!$F$110:$O$110,Stats!B77) -> 0 | D77: =COUNTIF(Predictions!$F$111:$O$111,B77) -> 2 | E77: =COUNTIF(Predictions!$F$112:$O$112,B77) -> 3 | F77: =COUNTIF(Predictions!$F$113:$O$113,B77) -> 0 | G77: =SUM(C77:F77) -> 5 | H77: 3rd | I77: =_xlfn.XLOOKUP(MAX(E75:E78),E75:E78,B75:B78) -> Norway | J77: =IF(I77=Predictions!E112,1,0) -> 1
A78: I | B78: Senegal | C78: =COUNTIF(Predictions!$F$110:$O$110,Stats!B78) -> 0 | D78: =COUNTIF(Predictions!$F$111:$O$111,B78) -> 3 | E78: =COUNTIF(Predictions!$F$112:$O$112,B78) -> 2 | F78: =COUNTIF(Predictions!$F$113:$O$113,B78) -> 0 | G78: =SUM(C78:F78) -> 5 | H78: 4th | I78: =_xlfn.XLOOKUP(MAX(F75:F78),F75:F78,B75:B78) -> Iraq | J78: =IF(I78=Predictions!E113,1,0) -> 0
A79: J | B79: Algeria | C79: =COUNTIF(Predictions!$F$114:$O$114,Stats!B79) -> 0 | D79: =COUNTIF(Predictions!$F$115:$O$115,B79) -> 3 | E79: =COUNTIF(Predictions!$F$116:$O$116,B79) -> 1 | F79: =COUNTIF(Predictions!$F$117:$O$117,B79) -> 0 | G79: =SUM(C79:F79) -> 4 | H79: 1st | I79: =_xlfn.XLOOKUP(MAX(C79:C82),C79:C82,B79:B82) -> Argentina | J79: =IF(I79=Predictions!E114,1,0) -> 0
A80: J | B80: Argentina | C80: =COUNTIF(Predictions!$F$114:$O$114,Stats!B80) -> 5 | D80: =COUNTIF(Predictions!$F$115:$O$115,B80) -> 0 | E80: =COUNTIF(Predictions!$F$116:$O$116,B80) -> 0 | F80: =COUNTIF(Predictions!$F$117:$O$117,B80) -> 0 | G80: =SUM(C80:F80) -> 5 | H80: 2nd | I80: =_xlfn.XLOOKUP(MAX(D79:D82),D79:D82,B79:B82) -> Algeria | J80: =IF(I80=Predictions!E115,1,0) -> 0
A81: J | B81: Austria | C81: =COUNTIF(Predictions!$F$114:$O$114,Stats!B81) -> 0 | D81: =COUNTIF(Predictions!$F$115:$O$115,B81) -> 2 | E81: =COUNTIF(Predictions!$F$116:$O$116,B81) -> 4 | F81: =COUNTIF(Predictions!$F$117:$O$117,B81) -> 0 | G81: =SUM(C81:F81) -> 6 | H81: 3rd | I81: =_xlfn.XLOOKUP(MAX(E79:E82),E79:E82,B79:B82) -> Austria | J81: =IF(I81=Predictions!E116,1,0) -> 1
A82: J | B82: Jordan | C82: =COUNTIF(Predictions!$F$114:$O$114,Stats!B82) -> 0 | D82: =COUNTIF(Predictions!$F$115:$O$115,B82) -> 0 | E82: =COUNTIF(Predictions!$F$116:$O$116,B82) -> 0 | F82: =COUNTIF(Predictions!$F$117:$O$117,B82) -> 5 | G82: =SUM(C82:F82) -> 5 | H82: 4th | I82: =_xlfn.XLOOKUP(MAX(F79:F82),F79:F82,B79:B82) -> Jordan | J82: =IF(I82=Predictions!E117,1,0) -> 1
A83: K | B83: Colombia | C83: =COUNTIF(Predictions!$F$118:$O$118,Stats!B83) -> 0 | D83: =COUNTIF(Predictions!$F$119:$O$119,B83) -> 5 | E83: =COUNTIF(Predictions!$F$120:$O$120,B83) -> 0 | F83: =COUNTIF(Predictions!$F$121:$O$121,B83) -> 0 | G83: =SUM(C83:F83) -> 5 | H83: 1st | I83: =_xlfn.XLOOKUP(MAX(C83:C86),C83:C86,B83:B86) -> Portugal | J83: =IF(I83=Predictions!E118,1,0) -> 0
A84: K | B84: Congo DR | C84: =COUNTIF(Predictions!$F$118:$O$118,Stats!B84) -> 0 | D84: =COUNTIF(Predictions!$F$119:$O$119,B84) -> 0 | E84: =COUNTIF(Predictions!$F$120:$O$120,B84) -> 4 | F84: =COUNTIF(Predictions!$F$121:$O$121,B84) -> 1 | G84: =SUM(C84:F84) -> 5 | H84: 2nd | I84: =_xlfn.XLOOKUP(MAX(D83:D86),D83:D86,B83:B86) -> Colombia | J84: =IF(I84=Predictions!E119,1,0) -> 0
A85: K | B85: Portugal | C85: =COUNTIF(Predictions!$F$118:$O$118,Stats!B85) -> 5 | D85: =COUNTIF(Predictions!$F$119:$O$119,B85) -> 0 | E85: =COUNTIF(Predictions!$F$120:$O$120,B85) -> 0 | F85: =COUNTIF(Predictions!$F$121:$O$121,B85) -> 0 | G85: =SUM(C85:F85) -> 5 | H85: 3rd | I85: =_xlfn.XLOOKUP(MAX(E83:E86),E83:E86,B83:B86) -> Congo DR | J85: =IF(I85=Predictions!E120,1,0) -> 0
A86: K | B86: Uzbekistan | C86: =COUNTIF(Predictions!$F$118:$O$118,Stats!B86) -> 0 | D86: =COUNTIF(Predictions!$F$119:$O$119,B86) -> 0 | E86: =COUNTIF(Predictions!$F$120:$O$120,B86) -> 1 | F86: =COUNTIF(Predictions!$F$121:$O$121,B86) -> 4 | G86: =SUM(C86:F86) -> 5 | H86: 4th | I86: =_xlfn.XLOOKUP(MAX(F83:F86),F83:F86,B83:B86) -> Uzbekistan | J86: =IF(I86=Predictions!E121,1,0) -> 1
A87: L | B87: Croatia | C87: =COUNTIF(Predictions!$F$122:$O$122,Stats!B87) -> 1 | D87: =COUNTIF(Predictions!$F$123:$O$123,B87) -> 4 | E87: =COUNTIF(Predictions!$F$124:$O$124,B87) -> 0 | F87: =COUNTIF(Predictions!$F$125:$O$125,B87) -> 0 | G87: =SUM(C87:F87) -> 5 | H87: 1st | I87: =_xlfn.XLOOKUP(MAX(C87:C90),C87:C90,B87:B90) -> England | J87: =IF(I87=Predictions!E122,1,0) -> 0
A88: L | B88: England | C88: =COUNTIF(Predictions!$F$122:$O$122,Stats!B88) -> 4 | D88: =COUNTIF(Predictions!$F$123:$O$123,B88) -> 1 | E88: =COUNTIF(Predictions!$F$124:$O$124,B88) -> 0 | F88: =COUNTIF(Predictions!$F$125:$O$125,B88) -> 0 | G88: =SUM(C88:F88) -> 5 | H88: 2nd | I88: =_xlfn.XLOOKUP(MAX(D87:D90),D87:D90,B87:B90) -> Croatia | J88: =IF(I88=Predictions!E123,1,0) -> 0
A89: L | B89: Ghana | C89: =COUNTIF(Predictions!$F$122:$O$122,Stats!B89) -> 0 | D89: =COUNTIF(Predictions!$F$123:$O$123,B89) -> 0 | E89: =COUNTIF(Predictions!$F$124:$O$124,B89) -> 5 | F89: =COUNTIF(Predictions!$F$125:$O$125,B89) -> 0 | G89: =SUM(C89:F89) -> 5 | H89: 3rd | I89: =_xlfn.XLOOKUP(MAX(E87:E90),E87:E90,B87:B90) -> Ghana | J89: =IF(I89=Predictions!E124,1,0) -> 1
A90: L | B90: Panama | C90: =COUNTIF(Predictions!$F$122:$O$122,Stats!B90) -> 0 | D90: =COUNTIF(Predictions!$F$123:$O$123,B90) -> 0 | E90: =COUNTIF(Predictions!$F$124:$O$124,B90) -> 0 | F90: =COUNTIF(Predictions!$F$125:$O$125,B90) -> 5 | G90: =SUM(C90:F90) -> 5 | H90: 4th | I90: =_xlfn.XLOOKUP(MAX(F87:F90),F87:F90,B87:B90) -> Panama | J90: =IF(I90=Predictions!E125,1,0) -> 1

Sheet Sheet2
A1: Date | B1: Time | D1: Group | E1: Home | F1: Away | G1: =Predictions!F1 -> Matthew O'Brien | H1: =Predictions!H1 -> Aaron Twiss | I1: =Predictions!J1 -> Arion Aliu | J1: =Predictions!L1 -> Rayan Zaibag | K1: =Predictions!N1 -> Jorge Lopez
A2: 46184 | B2: 0.83333333 | C2: = | D2: A | E2: Mexico | F2: South Africa | G2: {=_xlfn.IFS(Predictions!F4=1,$E2,Predictions!F4="X","Draw",Predictions!F4=2,$F2)} -> Mexico | H2: {=_xlfn.IFS(Predictions!H4=1,$E2,Predictions!H4="X","Draw",Predictions!H4=2,$F2)} -> Mexico | I2: {=_xlfn.IFS(Predictions!J4=1,$E2,Predictions!J4="X","Draw",Predictions!J4=2,$F2)} -> Mexico | J2: {=_xlfn.IFS(Predictions!L4=1,$E2,Predictions!L4="X","Draw",Predictions!L4=2,$F2)} -> Mexico | K2: {=_xlfn.IFS(Predictions!N4=1,$E2,Predictions!N4="X","Draw",Predictions!N4=2,$F2)} -> Mexico
A3: 46185 | B3: 0.125 | D3: A | E3: South Korea | F3: Czechia | G3: {=_xlfn.IFS(Predictions!F5=1,$E3,Predictions!F5="X","Draw",Predictions!F5=2,$F3)} -> South Korea | H3: {=_xlfn.IFS(Predictions!H5=1,$E3,Predictions!H5="X","Draw",Predictions!H5=2,$F3)} -> Draw | I3: {=_xlfn.IFS(Predictions!J5=1,$E3,Predictions!J5="X","Draw",Predictions!J5=2,$F3)} -> South Korea | J3: {=_xlfn.IFS(Predictions!L5=1,$E3,Predictions!L5="X","Draw",Predictions!L5=2,$F3)} -> Draw | K3: {=_xlfn.IFS(Predictions!N5=1,$E3,Predictions!N5="X","Draw",Predictions!N5=2,$F3)} -> South Korea
A4: 46185 | B4: 0.83333333 | D4: B | E4: Canada | F4: Bosnia and Herzegovina | G4: {=_xlfn.IFS(Predictions!F6=1,$E4,Predictions!F6="X","Draw",Predictions!F6=2,$F4)} -> Canada | H4: {=_xlfn.IFS(Predictions!H6=1,$E4,Predictions!H6="X","Draw",Predictions!H6=2,$F4)} -> Draw | I4: {=_xlfn.IFS(Predictions!J6=1,$E4,Predictions!J6="X","Draw",Predictions!J6=2,$F4)} -> Bosnia and Herzegovina | J4: {=_xlfn.IFS(Predictions!L6=1,$E4,Predictions!L6="X","Draw",Predictions!L6=2,$F4)} -> Draw | K4: {=_xlfn.IFS(Predictions!N6=1,$E4,Predictions!N6="X","Draw",Predictions!N6=2,$F4)} -> Canada
A5: 46186 | B5: 0.083333333 | D5: D | E5: USA | F5: Paraguay | G5: {=_xlfn.IFS(Predictions!F7=1,$E5,Predictions!F7="X","Draw",Predictions!F7=2,$F5)} -> USA | H5: {=_xlfn.IFS(Predictions!H7=1,$E5,Predictions!H7="X","Draw",Predictions!H7=2,$F5)} -> Paraguay | I5: {=_xlfn.IFS(Predictions!J7=1,$E5,Predictions!J7="X","Draw",Predictions!J7=2,$F5)} -> USA | J5: {=_xlfn.IFS(Predictions!L7=1,$E5,Predictions!L7="X","Draw",Predictions!L7=2,$F5)} -> USA | K5: {=_xlfn.IFS(Predictions!N7=1,$E5,Predictions!N7="X","Draw",Predictions!N7=2,$F5)} -> USA
A6: 46186 | B6: 0.83333333 | D6: B | E6: Qatar | F6: Switzerland | G6: {=_xlfn.IFS(Predictions!F8=1,$E6,Predictions!F8="X","Draw",Predictions!F8=2,$F6)} -> Switzerland | H6: {=_xlfn.IFS(Predictions!H8=1,$E6,Predictions!H8="X","Draw",Predictions!H8=2,$F6)} -> Switzerland | I6: {=_xlfn.IFS(Predictions!J8=1,$E6,Predictions!J8="X","Draw",Predictions!J8=2,$F6)} -> Switzerland | J6: {=_xlfn.IFS(Predictions!L8=1,$E6,Predictions!L8="X","Draw",Predictions!L8=2,$F6)} -> Switzerland | K6: {=_xlfn.IFS(Predictions!N8=1,$E6,Predictions!N8="X","Draw",Predictions!N8=2,$F6)} -> Switzerland
A7: 46186 | B7: 0.95833333 | D7: C | E7: Brazil | F7: Morocco | G7: {=_xlfn.IFS(Predictions!F9=1,$E7,Predictions!F9="X","Draw",Predictions!F9=2,$F7)} -> Brazil | H7: {=_xlfn.IFS(Predictions!H9=1,$E7,Predictions!H9="X","Draw",Predictions!H9=2,$F7)} -> Morocco | I7: {=_xlfn.IFS(Predictions!J9=1,$E7,Predictions!J9="X","Draw",Predictions!J9=2,$F7)} -> Brazil | J7: {=_xlfn.IFS(Predictions!L9=1,$E7,Predictions!L9="X","Draw",Predictions!L9=2,$F7)} -> Brazil | K7: {=_xlfn.IFS(Predictions!N9=1,$E7,Predictions!N9="X","Draw",Predictions!N9=2,$F7)} -> Brazil
A8: 46187 | B8: 0.083333333 | D8: C | E8: Haiti | F8: Scotland | G8: {=_xlfn.IFS(Predictions!F10=1,$E8,Predictions!F10="X","Draw",Predictions!F10=2,$F8)} -> Scotland | H8: {=_xlfn.IFS(Predictions!H10=1,$E8,Predictions!H10="X","Draw",Predictions!H10=2,$F8)} -> Scotland | I8: {=_xlfn.IFS(Predictions!J10=1,$E8,Predictions!J10="X","Draw",Predictions!J10=2,$F8)} -> Scotland | J8: {=_xlfn.IFS(Predictions!L10=1,$E8,Predictions!L10="X","Draw",Predictions!L10=2,$F8)} -> Scotland | K8: {=_xlfn.IFS(Predictions!N10=1,$E8,Predictions!N10="X","Draw",Predictions!N10=2,$F8)} -> Scotland
A9: 46187 | B9: 0.20833333 | D9: D | E9: Australia | F9: Türkiye | G9: {=_xlfn.IFS(Predictions!F11=1,$E9,Predictions!F11="X","Draw",Predictions!F11=2,$F9)} -> Türkiye | H9: {=_xlfn.IFS(Predictions!H11=1,$E9,Predictions!H11="X","Draw",Predictions!H11=2,$F9)} -> Türkiye | I9: {=_xlfn.IFS(Predictions!J11=1,$E9,Predictions!J11="X","Draw",Predictions!J11=2,$F9)} -> Türkiye | J9: {=_xlfn.IFS(Predictions!L11=1,$E9,Predictions!L11="X","Draw",Predictions!L11=2,$F9)} -> Türkiye | K9: {=_xlfn.IFS(Predictions!N11=1,$E9,Predictions!N11="X","Draw",Predictions!N11=2,$F9)} -> Türkiye
A10: 46187 | B10: 0.75 | D10: E | E10: Germany | F10: Curaçao | G10: {=_xlfn.IFS(Predictions!F12=1,$E10,Predictions!F12="X","Draw",Predictions!F12=2,$F10)} -> Germany | H10: {=_xlfn.IFS(Predictions!H12=1,$E10,Predictions!H12="X","Draw",Predictions!H12=2,$F10)} -> Germany | I10: {=_xlfn.IFS(Predictions!J12=1,$E10,Predictions!J12="X","Draw",Predictions!J12=2,$F10)} -> Germany | J10: {=_xlfn.IFS(Predictions!L12=1,$E10,Predictions!L12="X","Draw",Predictions!L12=2,$F10)} -> Germany | K10: {=_xlfn.IFS(Predictions!N12=1,$E10,Predictions!N12="X","Draw",Predictions!N12=2,$F10)} -> Germany
A11: 46187 | B11: 0.875 | D11: F | E11: Netherlands | F11: Japan | G11: {=_xlfn.IFS(Predictions!F13=1,$E11,Predictions!F13="X","Draw",Predictions!F13=2,$F11)} -> Draw | H11: {=_xlfn.IFS(Predictions!H13=1,$E11,Predictions!H13="X","Draw",Predictions!H13=2,$F11)} -> Netherlands | I11: {=_xlfn.IFS(Predictions!J13=1,$E11,Predictions!J13="X","Draw",Predictions!J13=2,$F11)} -> Netherlands | J11: {=_xlfn.IFS(Predictions!L13=1,$E11,Predictions!L13="X","Draw",Predictions!L13=2,$F11)} -> Draw | K11: {=_xlfn.IFS(Predictions!N13=1,$E11,Predictions!N13="X","Draw",Predictions!N13=2,$F11)} -> Draw
A12: 46188 | B12: 0 | D12: E | E12: Côte d'Ivoire | F12: Ecuador | G12: {=_xlfn.IFS(Predictions!F14=1,$E12,Predictions!F14="X","Draw",Predictions!F14=2,$F12)} -> Côte d'Ivoire | H12: {=_xlfn.IFS(Predictions!H14=1,$E12,Predictions!H14="X","Draw",Predictions!H14=2,$F12)} -> Draw | I12: {=_xlfn.IFS(Predictions!J14=1,$E12,Predictions!J14="X","Draw",Predictions!J14=2,$F12)} -> Côte d'Ivoire | J12: {=_xlfn.IFS(Predictions!L14=1,$E12,Predictions!L14="X","Draw",Predictions!L14=2,$F12)} -> Draw | K12: {=_xlfn.IFS(Predictions!N14=1,$E12,Predictions!N14="X","Draw",Predictions!N14=2,$F12)} -> Ecuador
A13: 46188 | B13: 0.125 | D13: F | E13: Sweden | F13: Tunisia | G13: {=_xlfn.IFS(Predictions!F15=1,$E13,Predictions!F15="X","Draw",Predictions!F15=2,$F13)} -> Sweden | H13: {=_xlfn.IFS(Predictions!H15=1,$E13,Predictions!H15="X","Draw",Predictions!H15=2,$F13)} -> Draw | I13: {=_xlfn.IFS(Predictions!J15=1,$E13,Predictions!J15="X","Draw",Predictions!J15=2,$F13)} -> Sweden | J13: {=_xlfn.IFS(Predictions!L15=1,$E13,Predictions!L15="X","Draw",Predictions!L15=2,$F13)} -> Sweden | K13: {=_xlfn.IFS(Predictions!N15=1,$E13,Predictions!N15="X","Draw",Predictions!N15=2,$F13)} -> Tunisia
A14: 46188 | B14: 0.75 | D14: G | E14: Belgium | F14: Egypt | G14: {=_xlfn.IFS(Predictions!F16=1,$E14,Predictions!F16="X","Draw",Predictions!F16=2,$F14)} -> Belgium | H14: {=_xlfn.IFS(Predictions!H16=1,$E14,Predictions!H16="X","Draw",Predictions!H16=2,$F14)} -> Belgium | I14: {=_xlfn.IFS(Predictions!J16=1,$E14,Predictions!J16="X","Draw",Predictions!J16=2,$F14)} -> Belgium | J14: {=_xlfn.IFS(Predictions!L16=1,$E14,Predictions!L16="X","Draw",Predictions!L16=2,$F14)} -> Belgium | K14: {=_xlfn.IFS(Predictions!N16=1,$E14,Predictions!N16="X","Draw",Predictions!N16=2,$F14)} -> Belgium
... A73: 46201 | B73: 0.83333333 | D73: K | E73: Congo DR | F73: Uzbekistan | G73: {=_xlfn.IFS(Predictions!F75=1,$E73,Predictions!F75="X","Draw",Predictions!F75=2,$F73)} -> Congo DR | H73: {=_xlfn.IFS(Predictions!H75=1,$E73,Predictions!H75="X","Draw",Predictions!H75=2,$F73)} -> Congo DR | I73: {=_xlfn.IFS(Predictions!J75=1,$E73,Predictions!J75="X","Draw",Predictions!J75=2,$F73)} -> Draw | J73: {=_xlfn.IFS(Predictions!L75=1,$E73,Predictions!L75="X","Draw",Predictions!L75=2,$F73)} -> Congo DR | K73: {=_xlfn.IFS(Predictions!N75=1,$E73,Predictions!N75="X","Draw",Predictions!N75=2,$F73)} -> Congo DR

Sheet Sheet1
B1: A | C1: Mexico | D1: South Africa | E1: 1 | G1: A | H1: 1st | I1: Mexico
B2: A | C2: South Korea | D2: Czechia | E2: 1 | G2: A | H2: 2nd | I2: South Korea
B3: B | C3: Canada | D3: Bosnia and Herzegovina | E3: 1 | G3: A | H3: 3rd | I3: Czechia
B4: D | C4: USA | D4: Paraguay | E4: 1 | G4: A | H4: 4th | I4: South Africa
B5: B | C5: Qatar | D5: Switzerland | E5: 2 | G5: B | H5: 1st | I5: Switzerland
B6: C | C6: Brazil | D6: Morocco | E6: 1 | G6: B | H6: 2nd | I6: Canada
B7: C | C7: Haiti | D7: Scotland | E7: 2 | G7: B | H7: 3rd | I7: Bosnia & Herzegovina
B8: D | C8: Australia | D8: Türkiye | E8: 2 | G8: B | H8: 4th | I8: Qatar
B9: E | C9: Germany | D9: Curaçao | E9: 1 | G9: C | H9: 1st | I9: Morocco
B10: F | C10: Netherlands | D10: Japan | E10: X | G10: C | H10: 2nd | I10: Brazil
B11: E | C11: Côte d'Ivoire | D11: Ecuador | E11: 2 | G11: C | H11: 3rd | I11: Scotland
B12: F | C12: Sweden | D12: Tunisia | E12: 2 | G12: C | H12: 4th | I12: Haiti
B13: G | C13: Belgium | D13: Egypt | E13: 1 | G13: D | H13: 1st | I13: Türkiye
B14: H | C14: Spain | D14: Cabo Verde | E14: 1 | G14: D | H14: 2nd | I14: USA
B15: H | C15: Saudi Arabia | D15: Uruguay | E15: 2 | G15: D | H15: 3rd | I15: Paraguay
B16: G | C16: IR Iran | D16: New Zealand | E16: 1 | G16: D | H16: 4th | I16: Australia
B17: I | C17: France | D17: Senegal | E17: 1 | G17: E | H17: 1st | I17: Germany
B18: I | C18: Iraq | D18: Norway | E18: 2 | G18: E | H18: 2nd | I18: Ecuador
B19: J | C19: Argentina | D19: Algeria | E19: 1 | G19: E | H19: 3rd | I19: Côte d'Ivoire
B20: J | C20: Austria | D20: Jordan | E20: 1 | G20: E | H20: 4th | I20: Curaçao
B21: K | C21: Portugal | D21: Congo DR | E21: 1 | G21: F | H21: 1st | I21: Netherlands
B22: L | C22: England | D22: Croatia | E22: 1 | G22: F | H22: 2nd | I22: Japan
... B42: J | C42: Argentina | D42: Austria | E42: 1 | G42: K | H42: 2nd | I42: Colombia
B43: I | C43: Norway | D43: Senegal | E43: X | G43: K | H43: 3rd | I43: Congo DR
B44: J | C44: Jordan | D44: Algeria | E44: 2 | G44: K | H44: 4th | I44: Uzbekistan
B45: K | C45: Portugal | D45: Uzbekistan | E45: 1 | G45: L | H45: 1st | I45: England
B46: L | C46: England | D46: Ghana | E46: 1 | G46: L | H46: 2nd | I46: Croatia
B47: K | C47: Colombia | D47: Congo DR | E47: 1 | G47: L | H47: 3rd | I47: Ghana
B48: L | C48: Panama | D48: Croatia | E48: 2 | G48: L | H48: 4th | I48: Panama
B49: B | C49: Switzerland | D49: Canada | E49: 1
B50: B | C50: Bosnia and Herzegovina | D50: Qatar | E50: 1
B51: C | C51: Scotland | D51: Brazil | E51: 2
B52: C | C52: Morocco | D52: Haiti | E52: 1
B53: A | C53: Czechia | D53: Mexico | E53: 2
B54: A | C54: South Africa | D54: South Korea | E54: 2
B55: E | C55: Ecuador | D55: Germany | E55: 2
B56: E | C56: Curaçao | D56: Côte d'Ivoire | E56: 2
B57: D | C57: Türkiye | D57: USA | E57: 1
B58: D | C58: Paraguay | D58: Australia | E58: X
B59: F | C59: Tunisia | D59: Netherlands | E59: 2
B60: F | C60: Japan | D60: Sweden | E60: 1
B61: I | C61: Norway | D61: France | E61: 2
B62: I | C62: Senegal | D62: Iraq | E62: 1
B63: G | C63: New Zealand | D63: Belgium | E63: 2
B64: G | C64: Egypt | D64: IR Iran | E64: 2
B65: H | C65: Uruguay | D65: Spain | E65: 2
B66: H | C66: Cabo Verde | D66: Saudi Arabia | E66: 2
B67: L | C67: Panama | D67: England | E67: 2
B68: L | C68: Croatia | D68: Ghana | E68: X
B69: J | C69: Jordan | D69: Argentina | E69: 2
B70: J | C70: Algeria | D70: Austria | E70: 2
B71: K | C71: Colombia | D71: Portugal | E71: 2
B72: K | C72: Congo DR | D72: Uzbekistan | E72: 1
